fixture,result,fixture_seconds,sampled_peak_rss_mib,sat_translation_seconds,sat_solve_seconds
conjure/function/function_partial_smoke,pass,34.16,2201,0.06317,0.0444
basic/comprehension/dependent-domains,pass,2.31,1067,0.011533,0.000282
basic/finite-givens/set04,pass,1.38,0,0.003754,0.00271
basic/function/sparse-partial,pass,3.17,1665,0.622533,0.011213
basic/lex/offset-leq,pass,0.44,0,0.00403,0.001367
basic/lex/offset-lt,pass,0.44,120,0.003773,0.000698
basic/lex/zero-based-leq,pass,0.56,0,0.008698,0.001646
basic/lex/zero-based-lt,pass,0.43,0,0.006893,0.001673
basic/matrix/02-2d-slicing,pass,0.98,0,0.004854,0.000512
basic/matrix/03-domain-letting,pass,0.97,0,0.009003,0.000755
basic/weighted-sum/05-flattening,pass,4.97,1062,0.031186,1.058804
bugs/treemorph-misses-node-01,pass,0.64,125,0.0844,0.097324
conjure/function/function_complex_01,pass,1.18,45,0.130341,0.065416
conjure/function/function_record_injective_attr,pass,1.94,1641,0.00261,0.000328
conjure/function/function_total_bool_02,pass,0.96,0,0.001749,0.00026
conjure/function/function_total_bool_03,pass,0.86,122,0.001188,0.000326
conjure/function/function_total_bool_04,pass,0.87,0,0.001153,0.000367
conjure/function/function_total_bool_05,pass,0.86,0,0.001814,0.000257
conjure/function/function_total_bool_06,pass,0.98,0,0.003274,0.000277
conjure/function/function_total_int_02,pass,0.98,820,0.002152,0.000254
conjure/function/function_total_int_03,pass,0.86,11,0.001559,0.000437
conjure/function/function_total_int_04,pass,1.17,3,0.001196,0.00074
conjure/function/function_total_int_05,pass,1.19,0,0.004458,0.000733
conjure/function/function_total_int_06,pass,1.73,2153,0.004152,0.001098
conjure/function/function_total_int_set_01,pass,1.49,333,0.003863,0.000545
conjure/function/function_total_record_01_find,pass,0.87,22,0.000878,0.000805
conjure/function/function_total_tuple_01_find,pass,0.76,0,0.000794,0.000293
conjure/function/function_tuple_injective_attr,pass,0.97,0,0.001415,0.000211
conjure/mset/mset06_2,pass,1.61,160,0.33248,0.420728
conjure/partition/partition_01,pass,14.89,2217,0.658558,0.122822
conjure/partition/partition_02,pass,15.0,2216,0.584381,0.116484
conjure/partition/partition_03,pass,15.39,2232,0.653134,0.169596
conjure/permutation/perm_card_0003,pass,1.17,76,0.15816,0.178471
conjure/permutation/perm_eq_0001,pass,0.98,0,0.000595,0.000203
conjure/permutation/perm_eq_0002,pass,1.07,0,0.000569,0.000197
conjure/permutation/perm_eq_0003,pass,1.51,50,0.000541,0.000169
conjure/permutation/perm_eq_0004,pass,1.5,128,0.000672,0.00018
conjure/permutation/perm_eq_0005,pass,1.06,73,0.153036,0.018671
conjure/permutation/perm_eq_0007,pass,0.97,0,0.000503,0.000174
conjure/permutation/perm_eq_extra,pass,0.96,0,0.000725,0.000228
conjure/permutation/perm_inverse_0005,pass,1.07,0,0.135716,0.021585
conjure/permutation/perm_repr_0001,pass,0.96,663,0.000471,0.000141
conjure/permutation/perm_repr_0002,pass,0.97,309,0.000469,0.000151
conjure/permutation/perm_repr_0003,pass,0.95,0,0.000476,0.000152
conjure/permutation/perm_repr_0004,pass,0.85,0,0.000434,0.000128
conjure/permutation/perm_repr_0006,pass,0.53,0,0.04073,0.001977
conjure/permutation/perm_repr_0008,pass,0.65,0,0.040302,0.009312
conjure/permutation/perm_repr_0009,pass,0.89,0,0.000373,0.000137
conjure/permutation/perm_repr_0010,pass,10.34,2289,0.0357,0.001995
conjure/permutation/perm_repr_0011,pass,11.19,2300,0.041803,0.002208
conjure/permutation/perm_repr_0012,pass,0.66,72,0.042992,0.00593
conjure/permutation/permutation_as_function_smoke,pass,10.94,2289,0.046367,0.002665
conjure/relation/binrel01,pass,0.86,1631,0.002061,0.000377
conjure/relation/binrel02,pass,1.41,0,0.007227,0.000491
conjure/relation/binrel03,pass,1.49,118,0.007548,0.000773
conjure/relation/binrel04,pass,1.16,2146,0.006904,0.000745
conjure/relation/relation04_find,pass,3.64,117,0.004869,0.00116
conjure/relation/relation04_param,pass,36.94,3136,33.924941,0.033917
conjure/relation/relation07_connex,pass,56.17,182,0.009214,0.000462
conjure/sequence/sequence05,pass,3.65,1088,0.015112,0.000702
conjure/set/finiteGivens_set04_p1,pass,1.49,1067,0.003461,0.002419
conjure/set/finiteGivens_set04_p2,pass,1.6,1068,0.00344,0.00259
conjure/set/set08,pass,1.38,0,0.001967,0.000267
dominance/rfc_example,pass,9.26,1094,0.01001,0.047398
dominance/rfc_example_future,pass,4.63,1084,0.007521,0.039524
eprime-minion/nqueens-4,pass,1.31,74,0.024456,0.079983
hakank-eprime/quasigroup-completion/01,pass,1.07,1071,0.009368,0.001628
hakank-eprime/quasigroup-completion/02,pass,1.08,0,0.010553,0.00182
hakank-eprime/xkcd,pass,1.29,1070,0.212107,0.153562
sat-ir/element-compound-sets,pass,0.21,0,0.120156,0.007044
sat-ir/sparse-partial-small,pass,0.86,1566,0.008926,0.000499
savilerow/absBug,pass,0.64,0,0.121556,0.016659
savilerow/bibd-implied,pass,74.01,1255,11.518693,6.762207
savilerow/blackhole,pass,516.64,2880,9.46094,370.747268
savilerow/bugVariableArray1,pass,0.77,47,0.086931,0.07776
savilerow/cryptArithmetic,pass,0.65,0,0.021956,0.019825
savilerow/diet,pass,0.73,0,0.020092,0.090502
savilerow/efpa,pass,27.39,229,3.126813,3.757671
savilerow/futoshiki,pass,1.08,0,0.041617,0.012941
savilerow/gcctest,pass,0.54,13,0.011761,0.011374
savilerow/golomb,pass,0.87,0,0.128612,0.016999
savilerow/golomb2,pass,0.86,0,0.119767,0.017237
savilerow/killer,pass,16.66,2704,0.587489,0.307292
savilerow/killer16,pass,122.27,1616,10.202974,15.564508
savilerow/knapsack,pass,0.65,0,0.020683,0.010321
savilerow/knights,pass,184.33,610,13.683397,89.824776
savilerow/langfordN,pass,105.76,1154,0.025653,1.070641
savilerow/magicSquare,pass,1.29,38,0.011942,0.584516
savilerow/matrix-test,pass,12.42,1105,0.02393,0.560665
savilerow/molnars,pass,4.92,304,0.219192,0.699057
savilerow/multiDimensionArray,pass,33.14,1536,33.062064,0
savilerow/n_queens1,pass,1.31,0,0.048418,0.023521
savilerow/n_queens_new,pass,2.05,78,0.03002,0.165099
savilerow/nqueens-8,pass,1.93,121,0.029208,0.19422
savilerow/opd,pass,70.84,212,0.343457,44.488722
savilerow/peaceableArmyOfQueens-old1,pass,2.92,79,0.42066,0.231803
savilerow/peaceableArmyOfQueens2,pass,18.91,253,0.437547,1.476352
savilerow/plotting,pass,210.49,966,143.386171,1.569499
savilerow/quantification_over_matrix_doms_2,pass,22.24,1104,5.131509,0.000525
savilerow/quasiGroup3Idempotent,pass,1.61,132,1.468517,0
savilerow/quasiGroup3NonIdempotent,pass,1.19,0,0.990172,0
savilerow/quasiGroup4Idempotent,pass,4.81,1331,1.689467,1.071557
savilerow/quasiGroup4NonIdempotent,pass,1.83,44,1.687432,0
savilerow/quasiGroup5Idempotent,pass,6.76,1370,2.033996,0.157289
savilerow/quasiGroup5NonIdempotent,pass,55.33,1315,2.249614,6.976269
savilerow/quasiGroup6,pass,36.61,582,9.693944,8.878214
savilerow/quasiGroup7,pass,5.94,184,2.191271,1.402456
savilerow/semigroup,pass,10.84,967,7.252433,2.941497
savilerow/sendMoreMoney,pass,1.9,0,0.004999,0.026522
savilerow/simpleElementId,pass,1.62,0,0.027779,0.281188
savilerow/solitaire_battleship,pass,76.48,1068,63.122685,0.549743
savilerow/sonet2,pass,2.38,24,0.085928,0.053306
savilerow/sportsScheduling,pass,1.09,0,0.22669,0.173991
savilerow/sportsScheduling2,pass,1.18,77,0.223415,0.176684
savilerow/sportsScheduling3,pass,0.97,0,0.182277,0.13475
savilerow/sudoku-comprehension,pass,0.96,77,0.136354,0.115189
savilerow/sudoku3,pass,2.15,2682,0.40783,0.115886
savilerow/test-branchingon2,pass,187.1,757,108.866941,1.346319
savilerow/valsymElementId,pass,0.96,0,0.472219,0.008381
sets/explicit-large-inner-domain,pass,0.12,0,0.009904,0.000638
sets/occurrence-large-inner-domain,pass,0.11,0,0.004267,0.005186
sets/occurrence-out-of-domain-equality,pass,0.54,0,0.000557,0.00011
sets/occurrence-set-of-set-membership,pass,0.12,0,0.063114,0.006795
smt/matrix/magic-square-flatten,pass,0.53,0,0.013065,0.025091
