fixture,before_result,before_translation_seconds,before_solve_seconds,before_sat_seconds,after_translation_seconds,after_solve_seconds,after_sat_seconds
basic/comprehension/dependent-domains,pass,0.01349,0.000325,0.013815,0.011533,0.000282,0.011815
basic/finite-givens/set04,pass,0.00378,0.002593,0.006373,0.003754,0.00271,0.006464
basic/function/sparse-partial,pass,0.666001,0.012233,0.678234,0.622533,0.011213,0.633746
basic/lex/offset-leq,pass,0.004125,0.001352,0.005477,0.00403,0.001367,0.005397
basic/lex/offset-lt,pass,0.006216,0.001021,0.007237,0.003773,0.000698,0.004471
basic/lex/zero-based-leq,pass,0.004174,0.001497,0.005671,0.008698,0.001646,0.010344
basic/lex/zero-based-lt,pass,0.003663,0.001221,0.004884,0.006893,0.001673,0.008566
basic/matrix/02-2d-slicing,pass,0.005628,0.000768,0.006396,0.004854,0.000512,0.005366
basic/matrix/03-domain-letting,pass,0.00535,0.000622,0.005972,0.009003,0.000755,0.009758
basic/weighted-sum/05-flattening,pass,0.040258,1.184767,1.225025,0.031186,1.058804,1.08999
bugs/treemorph-misses-node-01,pass,0.097535,0.117541,0.215076,0.0844,0.097324,0.181724
conjure/function/function_complex_01,pass,0.177532,0.082278,0.25981,0.130341,0.065416,0.195757
conjure/function/function_partial_smoke,memory limit >4 GiB,,,,0.06317,0.0444,0.10757
conjure/function/function_record_injective_attr,pass,0.00192,0.000311,0.002231,0.00261,0.000328,0.002938
conjure/function/function_total_bool_02,pass,0.002398,0.000437,0.002835,0.001749,0.00026,0.002009
conjure/function/function_total_bool_03,pass,0.001893,0.000505,0.002398,0.001188,0.000326,0.001514
conjure/function/function_total_bool_04,pass,0.00135,0.000492,0.001842,0.001153,0.000367,0.00152
conjure/function/function_total_bool_05,pass,0.002591,0.000382,0.002973,0.001814,0.000257,0.002071
conjure/function/function_total_bool_06,pass,0.004387,0.000353,0.00474,0.003274,0.000277,0.003551
conjure/function/function_total_int_02,pass,0.003359,0.000406,0.003765,0.002152,0.000254,0.002406
conjure/function/function_total_int_03,pass,0.002771,0.003241,0.006012,0.001559,0.000437,0.001996
conjure/function/function_total_int_04,pass,0.001588,0.0009,0.002488,0.001196,0.00074,0.001936
conjure/function/function_total_int_05,pass,0.004691,0.000519,0.00521,0.004458,0.000733,0.005191
conjure/function/function_total_int_06,pass,0.003862,0.00148,0.005342,0.004152,0.001098,0.00525
conjure/function/function_total_int_set_01,pass,0.043412,0.017085,0.060497,0.003863,0.000545,0.004408
conjure/function/function_total_record_01_find,pass,0.000822,0.000398,0.00122,0.000878,0.000805,0.001683
conjure/function/function_total_tuple_01_find,pass,0.000815,0.00039,0.001205,0.000794,0.000293,0.001087
conjure/function/function_tuple_injective_attr,pass,0.002197,0.000327,0.002524,0.001415,0.000211,0.001626
conjure/mset/mset06_2,pass,0.402444,0.524831,0.927275,0.33248,0.420728,0.753208
conjure/partition/partition_01,pass,0.631938,0.142658,0.774596,0.658558,0.122822,0.78138
conjure/partition/partition_02,pass,0.625627,0.130848,0.756475,0.584381,0.116484,0.700865
conjure/partition/partition_03,pass,0.571648,0.11776,0.689408,0.653134,0.169596,0.82273
conjure/permutation/perm_card_0003,pass,0.208167,0.18216,0.390327,0.15816,0.178471,0.336631
conjure/permutation/perm_eq_0001,pass,0.000647,0.000215,0.000862,0.000595,0.000203,0.000798
conjure/permutation/perm_eq_0002,pass,0.000745,0.000242,0.000987,0.000569,0.000197,0.000766
conjure/permutation/perm_eq_0003,pass,0.000653,0.000222,0.000875,0.000541,0.000169,0.00071
conjure/permutation/perm_eq_0004,pass,0.000682,0.000285,0.000967,0.000672,0.00018,0.000852
conjure/permutation/perm_eq_0005,pass,0.147571,0.021706,0.169277,0.153036,0.018671,0.171707
conjure/permutation/perm_eq_0007,pass,0.000473,0.000195,0.000668,0.000503,0.000174,0.000677
conjure/permutation/perm_eq_extra,pass,0.000567,0.000236,0.000803,0.000725,0.000228,0.000953
conjure/permutation/perm_inverse_0005,pass,0.192163,0.030387,0.22255,0.135716,0.021585,0.157301
conjure/permutation/perm_repr_0001,pass,0.000637,0.000184,0.000821,0.000471,0.000141,0.000612
conjure/permutation/perm_repr_0002,pass,0.000506,0.000185,0.000691,0.000469,0.000151,0.00062
conjure/permutation/perm_repr_0003,pass,0.000588,0.000172,0.00076,0.000476,0.000152,0.000628
conjure/permutation/perm_repr_0004,pass,0.000623,0.000201,0.000824,0.000434,0.000128,0.000562
conjure/permutation/perm_repr_0006,pass,0.05522,0.00224,0.05746,0.04073,0.001977,0.042707
conjure/permutation/perm_repr_0008,pass,0.052445,0.010609,0.063054,0.040302,0.009312,0.049614
conjure/permutation/perm_repr_0009,pass,0.000509,0.000194,0.000703,0.000373,0.000137,0.00051
conjure/permutation/perm_repr_0010,pass,0.041838,0.002236,0.044074,0.0357,0.001995,0.037695
conjure/permutation/perm_repr_0011,pass,0.043958,0.002462,0.04642,0.041803,0.002208,0.044011
conjure/permutation/perm_repr_0012,pass,0.055496,0.007622,0.063118,0.042992,0.00593,0.048922
conjure/permutation/permutation_as_function_smoke,pass,0.045784,0.002619,0.048403,0.046367,0.002665,0.049032
conjure/relation/binrel01,pass,0.002584,0.000457,0.003041,0.002061,0.000377,0.002438
conjure/relation/binrel02,pass,0.009402,0.000551,0.009953,0.007227,0.000491,0.007718
conjure/relation/binrel03,pass,0.009479,0.000949,0.010428,0.007548,0.000773,0.008321
conjure/relation/binrel04,pass,14.958262,2.222752,17.181014,0.006904,0.000745,0.007649
conjure/relation/relation04_find,pass,0.005853,0.001348,0.007201,0.004869,0.00116,0.006029
conjure/relation/relation04_param,pass,42.48475,0.047645,42.532395,33.924941,0.033917,33.958858
conjure/relation/relation07_connex,pass,0.011958,0.000591,0.012549,0.009214,0.000462,0.009676
conjure/sequence/sequence05,pass,0.018955,0.000864,0.019819,0.015112,0.000702,0.015814
conjure/set/finiteGivens_set04_p1,pass,0.004034,0.002998,0.007032,0.003461,0.002419,0.00588
conjure/set/finiteGivens_set04_p2,pass,0.003896,0.002865,0.006761,0.00344,0.00259,0.00603
conjure/set/set08,pass,8.41943,0.844975,9.264405,0.001967,0.000267,0.002234
dominance/rfc_example,pass,0.011552,0.06337,0.074922,0.01001,0.047398,0.057408
dominance/rfc_example_future,pass,0.008951,0.048598,0.057549,0.007521,0.039524,0.047045
eprime-minion/nqueens-4,pass,0.015058,0.075494,0.090552,0.024456,0.079983,0.104439
hakank-eprime/quasigroup-completion/01,pass,0.013316,0.002361,0.015677,0.009368,0.001628,0.010996
hakank-eprime/quasigroup-completion/02,pass,0.012331,0.002027,0.014358,0.010553,0.00182,0.012373
hakank-eprime/xkcd,pass,0.205939,0.161715,0.367654,0.212107,0.153562,0.365669
sat-ir/element-compound-sets,pass,0.79244,0.0566,0.84904,0.120156,0.007044,0.1272
sat-ir/sparse-partial-small,pass,1.719497,0.276585,1.996082,0.008926,0.000499,0.009425
savilerow/absBug,pass,0.162302,0.020883,0.183185,0.121556,0.016659,0.138215
savilerow/bibd-implied,pass,10.863723,4.820193,15.683916,11.518693,6.762207,18.2809
savilerow/blackhole,pass,6.991234,438.674694,445.665928,9.46094,370.747268,380.208208
savilerow/bugVariableArray1,pass,0.113687,0.100267,0.213954,0.086931,0.07776,0.164691
savilerow/cryptArithmetic,pass,0.026307,0.024635,0.050942,0.021956,0.019825,0.041781
savilerow/diet,pass,0.025821,0.117438,0.143259,0.020092,0.090502,0.110594
savilerow/efpa,pass,3.738282,4.210508,7.94879,3.126813,3.757671,6.884484
savilerow/futoshiki,pass,0.052387,0.014944,0.067331,0.041617,0.012941,0.054558
savilerow/gcctest,pass,0.014115,0.013447,0.027562,0.011761,0.011374,0.023135
savilerow/golomb,pass,0.136027,0.021587,0.157614,0.128612,0.016999,0.145611
savilerow/golomb2,pass,0.116024,0.022644,0.138668,0.119767,0.017237,0.137004
savilerow/killer,pass,0.728844,0.351093,1.079937,0.587489,0.307292,0.894781
savilerow/killer16,pass,8.296234,16.640361,24.936595,10.202974,15.564508,25.767482
savilerow/knapsack,pass,0.020437,0.013706,0.034143,0.020683,0.010321,0.031004
savilerow/knights,pass,9.63734,103.281769,112.919109,13.683397,89.824776,103.508173
savilerow/langfordN,pass,0.030445,1.341943,1.372388,0.025653,1.070641,1.096294
savilerow/magicSquare,pass,0.014039,0.737406,0.751445,0.011942,0.584516,0.596458
savilerow/matrix-test,pass,0.0284,0.673334,0.701734,0.02393,0.560665,0.584595
savilerow/molnars,pass,0.241209,0.763958,1.005167,0.219192,0.699057,0.918249
savilerow/multiDimensionArray,pass,41.388145,0,41.388145,33.062064,0,33.062064
savilerow/n_queens1,pass,0.05838,0.027276,0.085656,0.048418,0.023521,0.071939
savilerow/n_queens_new,pass,0.0355,0.199332,0.234832,0.03002,0.165099,0.195119
savilerow/nqueens-8,pass,0.035055,0.206823,0.241878,0.029208,0.19422,0.223428
savilerow/opd,pass,0.439388,11.201191,11.640579,0.343457,44.488722,44.832179
savilerow/peaceableArmyOfQueens-old1,pass,0.487248,0.236955,0.724203,0.42066,0.231803,0.652463
savilerow/peaceableArmyOfQueens2,pass,0.644186,1.98503,2.629216,0.437547,1.476352,1.913899
savilerow/plotting,pass,176.685041,2.000023,178.685064,143.386171,1.569499,144.95567
savilerow/quantification_over_matrix_doms_2,pass,5.847983,0.000502,5.848485,5.131509,0.000525,5.132034
savilerow/quasiGroup3Idempotent,pass,1.881298,0,1.881298,1.468517,0,1.468517
savilerow/quasiGroup3NonIdempotent,pass,1.254592,0,1.254592,0.990172,0,0.990172
savilerow/quasiGroup4Idempotent,pass,2.19159,1.337542,3.529132,1.689467,1.071557,2.761024
savilerow/quasiGroup4NonIdempotent,pass,1.97372,0,1.97372,1.687432,0,1.687432
savilerow/quasiGroup5Idempotent,pass,2.495253,0.192115,2.687368,2.033996,0.157289,2.191285
savilerow/quasiGroup5NonIdempotent,pass,2.51617,7.570056,10.086226,2.249614,6.976269,9.225883
savilerow/quasiGroup6,pass,12.392258,11.505664,23.897922,9.693944,8.878214,18.572158
savilerow/quasiGroup7,pass,2.470908,1.656717,4.127625,2.191271,1.402456,3.593727
savilerow/semigroup,pass,8.394044,3.255952,11.649996,7.252433,2.941497,10.19393
savilerow/sendMoreMoney,pass,0.005636,0.031393,0.037029,0.004999,0.026522,0.031521
savilerow/simpleElementId,pass,0.033122,0.37669,0.409812,0.027779,0.281188,0.308967
savilerow/solitaire_battleship,pass,87.872606,0.65274,88.525346,63.122685,0.549743,63.672428
savilerow/sonet2,pass,0.10606,0.056167,0.162227,0.085928,0.053306,0.139234
savilerow/sportsScheduling,pass,0.251235,0.176091,0.427326,0.22669,0.173991,0.400681
savilerow/sportsScheduling2,pass,0.253661,0.179996,0.433657,0.223415,0.176684,0.400099
savilerow/sportsScheduling3,pass,0.239221,0.17502,0.414241,0.182277,0.13475,0.317027
savilerow/sudoku-comprehension,pass,0.190526,0.153651,0.344177,0.136354,0.115189,0.251543
savilerow/sudoku3,pass,0.501308,0.142448,0.643756,0.40783,0.115886,0.523716
savilerow/test-branchingon2,pass,147.419906,1.892179,149.312085,108.866941,1.346319,110.21326
savilerow/valsymElementId,pass,0.552074,0.00994,0.562014,0.472219,0.008381,0.4806
sets/explicit-large-inner-domain,pass,0.012784,0.000815,0.013599,0.009904,0.000638,0.010542
sets/occurrence-large-inner-domain,pass,0.005402,0.00607,0.011472,0.004267,0.005186,0.009453
sets/occurrence-out-of-domain-equality,pass,0.000694,0.000134,0.000828,0.000557,0.00011,0.000667
sets/occurrence-set-of-set-membership,pass,0.072855,0.008734,0.081589,0.063114,0.006795,0.069909
smt/matrix/magic-square-flatten,pass,0.020783,0.037915,0.058698,0.013065,0.025091,0.038156
