fixture,full_run_outcome,first_failure,snapshot_followup
abc,pass,,
antichain,pass,,
basic/abs/01-simple,pass,,
basic/abs/02-neg,pass,,
basic/abs/03-nested,pass,,
basic/abs/04-bounds,pass,,
basic/abs/0-simple,pass,,
basic/alldiff/01-basic,pass,,
basic/alldiff/02-trivially-false,pass,,
basic/alldiff/03-trivially-true,pass,,
basic/bool/01,pass,,
basic/bool/02,pass,,
basic/bool/03,pass,,
basic/bool/04,pass,,
basic/comprehension/01,pass,,
basic/comprehension/02,pass,,
basic/comprehension/03,pass,,
basic/comprehension/04-sum,pass,,
basic/comprehension/05-alldiff,pass,,
basic/comprehension/06,pass,,
basic/comprehension/07,pass,,
basic/comprehension/08,pass,,
basic/comprehension/09,pass,,
basic/comprehension/10,pass,,
basic/comprehension/dependent-domains,fail,memory,
basic/comprehension/forall-exists-implication,pass,,
basic/comprehension/nested-forall-implication,pass,,
basic/comprehension/set-bounded-image,pass,,
basic/comprehension/set-bounded-image-member,pass,,
basic/comprehension/set-bounded-size-member,pass,,
basic/comprehension/set-bounded-size-sum,pass,,
basic/comprehension/set-fixed-size-member,pass,,
basic/comprehension/set-fixed-size-sum,pass,,
basic/comprehension/set-tuple-member,pass,,
basic/comprehension/set-tuple-sum,pass,,
basic/div/01,pass,,
basic/div/02,pass,,
basic/div/03,pass,,
basic/div/04,pass,,
basic/div/05,pass,,
basic/empty-and-or,pass,,
basic/exists/01-domain-basic,pass,,
basic/exists/02-in-matrix,pass,,
basic/exists/03-domain-inequality,pass,,
basic/exists/04-in-disjunction,pass,,
basic/exists/05-nested-boolean,pass,,
basic/exists/simple/01,pass,,
basic/exists/simple/02,pass,,
basic/exists/simple/03,pass,,
basic/exists/simple/04,pass,,
basic/expr-in-domain/quantified,pass,,
basic/expr-in-domain/variable,pass,,
basic/factorial/01,pass,,
basic/factorial/02,pass,,
basic/finite-givens/set01,pass,,
basic/finite-givens/set02,pass,,
basic/finite-givens/set03,pass,,
basic/finite-givens/set04,pass,,
basic/finite-givens/set05,pass,,
basic/forAll/01-domain-basic,pass,,
basic/forAll/02-in-matrix,pass,,
basic/forAll/03-domain-equality,pass,,
basic/forAll/04-in-conjunction,pass,,
basic/forAll/05-nested-boolean,pass,,
basic/forAll/06-combined-with-exists,pass,,
basic/function/apply-in-domain,pass,,
basic/function/apply-out-of-domain,pass,,
basic/function/apply-partial,pass,,
basic/function/apply-partial-out-of-domain,pass,,
basic/function/sparse-partial,fail,missing expected,
basic/iff/01-basic,pass,,
basic/iff/02-partial,pass,,
basic/implies/01-basic,pass,,
basic/implies/02-flattening,pass,,
basic/implies/03-tautologies,pass,,
basic/implies/04-needs-normalising,pass,,
basic/implies/05-no-parentheses,pass,,
basic/lettings/01-value-bool,pass,,
basic/lettings/02-value-int,pass,,
basic/lettings/03-value-expr,pass,,
basic/lettings/04-domain,fail,panic,pass after domain letting fix
basic/lettings/05-letting-in-domain,pass,,
basic/lex/const-geq,pass,,
basic/lex/const-gt,pass,,
basic/lex/const-leq,pass,,
basic/lex/const-long-lt-short,pass,,
basic/lex/const-lt,pass,,
basic/lex/const-short-lt-long,pass,,
basic/lex/long-leq-short,pass,,
basic/lex/long-lt-short,pass,,
basic/lex/offset-leq,pass,,
basic/lex/offset-lt,pass,,
basic/lex/short-leq-long,pass,,
basic/lex/short-lt-long,pass,,
basic/lex/zero-based-leq,pass,,
basic/lex/zero-based-lt,pass,,
basic/log-ops/bool-and,pass,,
basic/log-ops/bool-double-not,pass,,
basic/log-ops/bool-not,pass,,
basic/log-ops/bool-or,pass,,
basic/matrix/01-indexing,pass,,
basic/matrix/02-2d-slicing,pass,,
basic/matrix/03-domain-letting,pass,,
basic/matrix/04-value-letting,pass,,
basic/matrix/05-value-letting-index,pass,,
basic/matrix/06-invalid-index,pass,,
basic/matrix/07-invalid-slice,pass,,
basic/matrix/08-index-is-expr,pass,,
basic/matrix/09-index-is-expr-offset,pass,,
basic/matrix/10-value-letting-index-is-expr,pass,,
basic/matrix/11-index-matrix-literal,pass,,
basic/matrix/12-alldiff-matrix-literal-needs-flattening,pass,,
basic/matrix/13-index-matrix-literal-2d,pass,,
basic/matrix/14-matrix-index-matrix,pass,,
basic/matrix/15-matrix-index-matrix-with-offset,pass,,
basic/matrix/16-matrix-out-bounds,pass,,
basic/matrix/17-matrix-out-bounds-reify,pass,,
basic/matrix/18-matrix-out-bounds-possibly-undef,pass,,
basic/max/01,pass,,
basic/max/01_1_const,pass,,
basic/max/02,pass,,
basic/max/03,pass,,
basic/max/04,pass,,
basic/max/05,pass,,
basic/min/01,pass,,
basic/min/02,pass,,
basic/min/03,pass,,
basic/min/04,pass,,
basic/min/05,pass,,
basic/misc/xyz,pass,,
basic/mod/01,pass,,
basic/mod/02,pass,,
basic/mod/03,pass,,
basic/mod/04,pass,,
basic/mod/05,pass,,
basic/mod/06,pass,,
basic/neg/01-negeq,pass,,
basic/neg/02-nested-neg,pass,,
basic/neg/03-negated-expression,pass,,
basic/neg/04-negated-expression-nested,pass,,
basic/neg/05-sum,pass,,
basic/neg/06-sum-nested,pass,,
basic/neg/unary-negation,pass,,
basic/negativeTable/01,pass,,
basic/optimisation-intermediate-solutions,pass,,
basic/pow/01-simple,pass,,
basic/pow/02-exponent-zero,pass,,
basic/pow/03-negative-exponent,pass,,
basic/pow/04-flatten,pass,,
basic/pow/05-negative-base,pass,,
basic/product/01-simple,pass,,
basic/sequence/apply-in-range,pass,,
basic/sequence/apply-out-of-range,pass,,
basic/sum/01-deeply-nested,pass,,
basic/sum/02-sum-put-in-aux-var,pass,,
basic/table/01,pass,,
basic/table/02,pass,,
basic/table/03,pass,,
basic/toInt/01,pass,,
basic/toInt/02-flatten,pass,,
basic/tuples/01-bool-int,pass,,
basic/tuples/02-literal-indexing,pass,,
basic/tuples/03-equality,pass,,
basic/tuples/04-inequality,pass,,
basic/tuples/05-equal-to-constant,pass,,
basic/tuples/06-letting-statement-explicit,pass,,
basic/tuples/07-letting-statement-domain,pass,,
basic/var-in-domain/01,pass,,
basic/var-in-domain/02,pass,,
basic/weighted-sum/01-simple-lt,pass,,
basic/weighted-sum/02-simple-gt,pass,,
basic/weighted-sum/03-simple-eq,pass,,
basic/weighted-sum/04-needs-normalising,pass,,
basic/weighted-sum/05-flattening,pass,,
bugs/domain-lettings-in-comprehensions-leak-vars-into-scope,pass,,
bugs/experiment/freezes,pass,,
bugs/experiment/works/max2,pass,,
bugs/experiment/works/min,pass,,
bugs/infinite-bubble-up,pass,,
bugs/issue-336-empty-or-should-be-false,pass,,
bugs/parse-indices-in-wrong-order,pass,,
bugs/sm600-non-terminating-min,pass,,
bugs/treemorph-misses-node-01,pass,,
bugs/yb33-min-of-constants-parses-as-nothing,pass,,
cnf/bool-eq,pass,,
cnf/bool-ineq,pass,,
cnf/cnf1,pass,,
cnf/cnf3,pass,,
cnf/comparison/better_direct,pass,,
cnf/comparison/better_log,pass,,
cnf/comparison/sparse_direct,pass,,
cnf/comparison/sparse_log,pass,,
cnf/equivalence1,pass,,
cnf/implication1,pass,,
cnf/implication2,pass,,
cnf/int_direct/01-eq,pass,,
cnf/int_direct/02-eq,pass,,
cnf/int_direct/02-neq,pass,,
cnf/int_direct/03-ineq,pass,,
cnf/int_direct/05-neg,pass,,
cnf/int_direct/06-abs,pass,,
cnf/int_direct/06-add,pass,,
cnf/int_direct/07-abs-nonnegative,pass,,
cnf/int_direct/07-add-single-pair,pass,,
cnf/int_direct/08-abs-nonpositive,pass,,
cnf/int_direct/08-add-constants,pass,,
cnf/int_direct/09-abs-zero,pass,,
cnf/int_order,pass,,
cnf/int_order_2,pass,,
cnf/integer/01-lt,pass,,
cnf/integer/02-add,pass,,
cnf/integer/03-ranges,pass,,
cnf/integer/04-complex-add,pass,,
cnf/integer/05-product,pass,,
cnf/integer/07-min,pass,,
cnf/integer/08-max,pass,,
cnf/integer/09-abs,pass,,
cnf/integer/10-div,pass,,
cnf/integer/11-minus,pass,,
cnf/neg-div,pass,,
cnf/one_unbound_literal,pass,,
cnf/one_unconstrained_literal,pass,,
cnf/order_neq,pass,,
cnf/single_disjunction,pass,,
cnf/three_unconstrained_literals,pass,,
cnf/two_unbound_literals,pass,,
cnf/two_unconstrained_literals,pass,,
conjure/all_diff/all_diff_except_comprehension_smoke,pass,,
conjure/function/function_complex_01,fail,solution snapshot,pass
conjure/function/function_partial_int_set_01,pass,,
conjure/function/function_partial_smoke,fail,missing expected,
conjure/function/function_record_injective_attr,pass,,
conjure/function/function_total_bool_01,pass,,
conjure/function/function_total_bool_02,pass,,
conjure/function/function_total_bool_03,pass,,
conjure/function/function_total_bool_04,pass,,
conjure/function/function_total_bool_05,pass,,
conjure/function/function_total_bool_06,fail,timeout,
conjure/function/function_total_bool_smoke,pass,,
conjure/function/function_total_int_01,pass,,
conjure/function/function_total_int_02,pass,,
conjure/function/function_total_int_03,fail,missing expected,
conjure/function/function_total_int_04,fail,missing expected,
conjure/function/function_total_int_05,fail,missing expected,
conjure/function/function_total_int_06,fail,missing expected,
conjure/function/function_total_int_set_01,fail,missing expected,
conjure/function/function_total_record_01_find,pass,,
conjure/function/function_total_tuple_01_find,pass,,
conjure/function/function_tuple_injective_attr,pass,,
conjure/matrix/matrix01_bools,pass,,
conjure/matrix/matrix_atmost_atleast,pass,,
conjure/matrix/matrix_literal_comprehension,pass,,
conjure/matrix/matrix_of_set_01,pass,,
conjure/min_max/min_max_zero_and_guard_smoke,pass,,
conjure/mset/mset01_find,pass,,
conjure/mset/mset01_param_p1,pass,,
conjure/mset/mset01_param_p4,pass,,
conjure/mset/mset01_param_p7,pass,,
conjure/mset/mset02,pass,,
conjure/mset/mset03_1,pass,,
conjure/mset/mset03_2,pass,,
conjure/mset/mset04,pass,,
conjure/mset/mset05,pass,,
conjure/mset/mset06_1,pass,,
conjure/mset/mset06_2,pass,,
conjure/mset/mset07,pass,,
conjure/partition/partition_01,fail,missing expected,
conjure/partition/partition_02,fail,missing expected,
conjure/partition/partition_03,fail,missing expected,
conjure/partition/partition_lit_01,pass,,
conjure/permutation/perm_card_0001,pass,,
conjure/permutation/perm_card_0002,pass,,
conjure/permutation/perm_card_0003,fail,stale trace,pass
conjure/permutation/perm_eq_0001,pass,,
conjure/permutation/perm_eq_0002,pass,,
conjure/permutation/perm_eq_0003,pass,,
conjure/permutation/perm_eq_0004,pass,,
conjure/permutation/perm_eq_0005,fail,stale trace,pass
conjure/permutation/perm_eq_0007,pass,,
conjure/permutation/perm_eq_extra,pass,,
conjure/permutation/perm_image_0001_p1,pass,,
conjure/permutation/perm_image_0001_p2,pass,,
conjure/permutation/perm_image_0002,pass,,
conjure/permutation/perm_image_0003,pass,,
conjure/permutation/perm_image_0006,pass,,
conjure/permutation/perm_inverse_0005,fail,stale trace,pass
conjure/permutation/perm_repr_0001,pass,,
conjure/permutation/perm_repr_0002,pass,,
conjure/permutation/perm_repr_0003,pass,,
conjure/permutation/perm_repr_0004,pass,,
conjure/permutation/perm_repr_0006,fail,stale trace,pass
conjure/permutation/perm_repr_0008,fail,stale trace,pass
conjure/permutation/perm_repr_0009,pass,,
conjure/permutation/perm_repr_0010,fail,missing expected,
conjure/permutation/perm_repr_0011,fail,missing expected,
conjure/permutation/perm_repr_0012,fail,stale trace,pass
conjure/permutation/permutation_as_function_smoke,fail,missing expected,
conjure/primitive/bool_is_false,pass,,
conjure/primitive/bool_is_free,pass,,
conjure/primitive/bool_is_free_pfalse,pass,,
conjure/primitive/bool_is_free_ptrue,pass,,
conjure/primitive/bool_is_param_false,pass,,
conjure/primitive/bool_is_param_true,pass,,
conjure/primitive/int_is_fixed,pass,,
conjure/primitive/int_is_free,pass,,
conjure/primitive/int_is_param_2,pass,,
conjure/primitive/int_is_param_3,pass,,
conjure/primitive/int_param_domain_01,pass,,
conjure/primitive/int_param_domain_02,pass,,
conjure/primitive/int_param_domain_03,pass,,
conjure/primitive/int_param_domain_04,pass,,
conjure/record/record00,pass,,
conjure/record/record01,pass,,
conjure/relation/binrel01,fail,missing expected,
conjure/relation/binrel02,fail,missing expected,
conjure/relation/binrel03,fail,missing expected,
conjure/relation/binrel04,fail,missing expected,
conjure/relation/finiteGivens_relation01,pass,,
conjure/relation/reflexive_rel,pass,,
conjure/relation/relation01,pass,,
conjure/relation/relation02,pass,,
conjure/relation/relation03_2,pass,,
conjure/relation/relation04_find,fail,missing expected,
conjure/relation/relation04_param,fail,memory,
conjure/relation/relation05_set_fixed_direct,pass,,
conjure/relation/relation05_set_fixed_setty,pass,,
conjure/relation/relation06_set_bounded_direct,pass,,
conjure/relation/relation06_set_bounded_setty,pass,,
conjure/relation/relation07_connex,fail,missing expected,
conjure/sequence/sequence01,pass,,
conjure/sequence/sequence02,pass,,
conjure/sequence/sequence03,pass,,
conjure/sequence/sequence04,pass,,
conjure/sequence/sequence05,pass,,
conjure/sequence/sequence_bijective,fail,stale trace,pass
conjure/sequence/sequence_empty_01,pass,,
conjure/sequence/sequence_empty_02,pass,,
conjure/sequence/sequence_empty_03,pass,,
conjure/sequence/sequence_empty_04,pass,,
conjure/sequence/sequence_injective_fixed,fail,stale trace,pass
conjure/sequence/sequence_injective_variable,pass,,
conjure/sequence/sequence_subseq_dups,pass,,
conjure/sequence/sequence_subseq_nodups,pass,,
conjure/sequence/sequence_substr,pass,,
conjure/sequence/sequence_surjective,pass,,
conjure/set/cut_01_off,pass,,
conjure/set/finiteGivens_set01,pass,,
conjure/set/finiteGivens_set02,pass,,
conjure/set/finiteGivens_set03,pass,,
conjure/set/finiteGivens_set04_p1,pass,,
conjure/set/finiteGivens_set04_p2,pass,,
conjure/set/finiteGivens_set05_p1,pass,,
conjure/set/finiteGivens_set05_p2,pass,,
conjure/set/finiteGivens_set_of_record,pass,,
conjure/set/finiteGivens_set_of_tuple,pass,,
conjure/set/set01_1,pass,,
conjure/set/set01_2,pass,,
conjure/set/set01_3,pass,,
conjure/set/set02,pass,,
conjure/set/set03,pass,,
conjure/set/set04,pass,,
conjure/set/set05,pass,,
conjure/set/set06,pass,,
conjure/set/set07,pass,,
conjure/set/set08,fail,missing expected,
conjure/set/set09,pass,,
conjure/set/setOfSet01,pass,,
conjure/set/setOfSet02,pass,,
conjure/set/setOfSet03,pass,,
conjure/set/setOfSet04,pass,,
conjure/set/set_card_00,pass,,
conjure/set/set_card_01,pass,,
conjure/set/set_card_02,pass,,
conjure/set/set_subseteq_constant_smoke,pass,,
conjure/tuple/matrix_of_tuple_eq,pass,,
conjure/tuple/tuple01_bool_int,pass,,
conjure/tuple/tuple02_nested,pass,,
conjure/tuple/tuple03_literal,pass,,
conjure/tuple/tuple_packed_nested_tuple_smoke,pass,,
conjure/variant/finiteGivens_set_of_variant_p1,pass,,
conjure/variant/finiteGivens_set_of_variant_p2,pass,,
conjure/variant/finiteGivens_set_of_variant_p3,pass,,
conjure/variant/finiteGivens_set_of_variant_p4,pass,,
conjure/variant/variant00,pass,,
conjure/variant/variant01,pass,,
conjure/variant/variant02,pass,,
dominance/int_pareto_01,pass,,
dominance/int_pareto_direction_01,pass,,
dominance/int_pareto_list_01,pass,,
dominance/rfc_example,fail,missing expected,
dominance/rfc_example_future,fail,missing expected,
dominance/sat_pareto_01,pass,,
dominance/sat_pareto_02,pass,,
dominance/sat_pareto_03,pass,,
dominance/subset_pareto_01,pass,,
dominance/subset_pareto_01_future,pass,,
eprime-minion/bool/literals-to-wlit-1,pass,,
eprime-minion/nqueens-4,pass,,
eprime-minion/partial-eval-01-add,pass,,
eprime-minion/partial-eval-02-or-and,pass,,
eprime-minion/partial-eval-03,pass,,
eprime-minion/xyz,pass,,
hakank-eprime/quasigroup-completion/01,pass,,
hakank-eprime/quasigroup-completion/02,pass,,
hakank-eprime/schur-small,pass,,
hakank-eprime/xkcd,pass,,
mildly-interesting/gchq-2016,fail,timeout,
mildly-interesting/subset-sum,pass,,
minion-constraints/diseq,pass,,
minion-constraints/div-undefzero-01-simple,pass,,
minion-constraints/div-undefzero-02-zero,pass,,
minion-constraints/div-undefzero-03-nested,pass,,
minion-constraints/div-undefzero-04-nested-neq,pass,,
minion-constraints/div-undefzero-05-nested-noteq,pass,,
minion-constraints/eq,pass,,
minion-constraints/ineq-01-strict-less-than,pass,,
minion-constraints/ineq-02-leq,pass,,
minion-constraints/ineq-03-leq-plus-k,pass,,
minion-constraints/ineq-04-strict-greater-than,pass,,
minion-constraints/ineq-05-geq-plus-k-wrong-order,pass,,
minion-constraints/ineq-06-leq-plus-k-wrong-order,pass,,
minion-constraints/modulo-undefzero-01-simple,pass,,
minion-constraints/modulo-undefzero-02-zero,pass,,
minion-constraints/modulo-undefzero-03-nested,pass,,
minion-constraints/modulo-undefzero-04-nested-neq,pass,,
minion-constraints/modulo-undefzero-05-nested-noteq,pass,,
minion-constraints/sumgeq,pass,,
minion-constraints/sumleq,pass,,
optimisations/implies-tautologies-cse,pass,,
pythagorean-triples,pass,,
sat-ir/alldifferent,pass,,
sat-ir/alldifferent-except,pass,,
sat-ir/alldifferent-matrices,pass,,
sat-ir/alldifferent-records,pass,,
sat-ir/alldifferent-sequences,pass,,
sat-ir/alldifferent-sets,pass,,
sat-ir/alldifferent-tuples,pass,,
sat-ir/alldifferent-unequal-tuples,pass,,
sat-ir/alldifferent-variable-except,pass,,
sat-ir/asserted-conjunctions,pass,,
sat-ir/boolean-products,pass,,
sat-ir/cardinality,pass,,
sat-ir/dominance-counts,pass,,
sat-ir/dominance-rank-views,pass,,
sat-ir/dominance-weighted,pass,,
sat-ir/element,pass,,
sat-ir/element-compound-matrices,pass,,
sat-ir/element-compound-records,pass,,
sat-ir/element-compound-sequences,pass,,
sat-ir/element-compound-sets,pass,,
sat-ir/element-compound-tuples,pass,,
sat-ir/elementid,pass,,
sat-ir/function-compound-domain,fail,stale trace,pass
sat-ir/function-compound-masked,pass,,
sat-ir/guarded-counts,pass,,
sat-ir/integer-relations,pass,,
sat-ir/lex-tuples,pass,,
sat-ir/lex-tuples-unequal,pass,,
sat-ir/membership-outside-domain,pass,,
sat-ir/mixed-indicators,pass,,
sat-ir/modulo,pass,,
sat-ir/objective-max,pass,,
sat-ir/objective-min,pass,,
sat-ir/occurrence-counts-reified,pass,,
sat-ir/power-undefined,pass,,
sat-ir/reified-cardinality,pass,,
sat-ir/set-membership,pass,,
sat-ir/signed-arithmetic,pass,,
sat-ir/sparse-partial-small,pass,,
sat-ir/table,pass,,
sat-ir/table-binary-support,pass,,
sat-ir/table-short,pass,,
sat-ir/table-variable,pass,,
sat-ir/uniform-integers,pass,,
sat-ir/unsigned-integers,pass,,
sat-ir/weighted-linear,pass,,
savilerow/absBug,pass,,
savilerow/add,pass,,
savilerow/alldiff_except,pass,,
savilerow/alldiff_except_nest,pass,,
savilerow/and,pass,,
savilerow/atleast-test,pass,,
savilerow/atmost-test,pass,,
savilerow/bibd,pass,,
savilerow/bibd-implied,pass,,
savilerow/blackhole,pass,,
savilerow/bugVariableArray1,pass,,
savilerow/carSequencing,fail,memory,
savilerow/catchundef-saad1,pass,,
savilerow/const_matrix_test,fail,panic,
savilerow/cryptArithmetic,pass,,
savilerow/diet,pass,,
savilerow/discreteTomography,pass,,
savilerow/divide-mod,pass,,
savilerow/divide-mod-novar,pass,,
savilerow/efpa,pass,,
savilerow/farm_puzzle,pass,,
savilerow/futoshiki,pass,,
savilerow/gcctest,pass,,
savilerow/golomb,pass,,
savilerow/golomb2,pass,,
savilerow/graphColouring,pass,,
savilerow/iff,pass,,
savilerow/implies,pass,,
savilerow/killer,pass,,
savilerow/killer16,pass,,
savilerow/knapsack,pass,,
savilerow/knights,pass,,
savilerow/langford,pass,,
savilerow/langfordN,pass,,
savilerow/lee-distance,fail,timeout,
savilerow/magicSequence,fail,memory,
savilerow/magicSquare,pass,,
savilerow/matrix_lit_explicit_index_1,pass,,
savilerow/matrix_lit_explicit_index_2,pass,,
savilerow/matrix_lit_explicit_index_3,pass,,
savilerow/matrix_lit_explicit_index_4,pass,,
savilerow/matrix_lit_explicit_index_5,pass,,
savilerow/matrix_lit_explicit_index_6,pass,,
savilerow/matrix_lit_explicit_index_7,pass,,
savilerow/matrix-outbounds,pass,,
savilerow/matrix-test,pass,,
savilerow/minusSum,pass,,
savilerow/molnars,pass,,
savilerow/multiDimensionArray,pass,,
savilerow/n_queens1,pass,,
savilerow/n_queens2,pass,,
savilerow/n_queens_new,pass,,
savilerow/nqueens-8,pass,,
savilerow/nurse,pass,,
savilerow/opd,pass,,
savilerow/opt-matrixderef,pass,,
savilerow/or,pass,,
savilerow/peaceableArmyOfQueens1,pass,,
savilerow/peaceableArmyOfQueens2,pass,,
savilerow/peaceableArmyOfQueens2-failing,pass,,
savilerow/peaceableArmyOfQueens-old1,pass,,
savilerow/peaceableArmyOfQueens-old3,pass,,
savilerow/peacefulArmyQueens3,pass,,
savilerow/pegSolitaireTable,fail,memory,
savilerow/permMultElementId,pass,,
savilerow/plotting,pass,,
savilerow/problem1,pass,,
savilerow/problem102,pass,,
savilerow/problem110,pass,,
savilerow/problem136,pass,,
savilerow/problem160,pass,,
savilerow/problem31,pass,,
savilerow/problem51,pass,,
savilerow/problem52,pass,,
savilerow/quantification_over_matrix_doms_1,pass,,
savilerow/quantification_over_matrix_doms_2,pass,,
savilerow/quantification_over_matrix_doms_3,pass,,
savilerow/quantification_over_matrix_doms_4,pass,,
savilerow/quantification_over_matrix_doms_5,pass,,
savilerow/quasiGroup3Idempotent,pass,,
savilerow/quasiGroup3NonIdempotent,pass,,
savilerow/quasiGroup4Idempotent,pass,,
savilerow/quasiGroup4NonIdempotent,pass,,
savilerow/quasiGroup5Idempotent,pass,,
savilerow/quasiGroup5NonIdempotent,pass,,
savilerow/quasiGroup6,pass,,
savilerow/quasiGroup7,pass,,
savilerow/revForallRange2,pass,,
savilerow/semigroup,pass,,
savilerow/sendMoreMoney,pass,,
savilerow/simpleElementId,pass,,
savilerow/solitaire_battleship,pass,,
savilerow/sonet2,pass,,
savilerow/sonet_problem,pass,,
savilerow/sportsScheduling,pass,,
savilerow/sportsScheduling2,pass,,
savilerow/sportsScheduling3,pass,,
savilerow/sudoku3,pass,,
savilerow/sudoku-comprehension,pass,,
savilerow/testMatrixBounds1,pass,,
savilerow/testMatrixBounds2,pass,,
savilerow/test-branchingon2,pass,,
savilerow/test_comprehension_functions,pass,,
savilerow/test_element_simplify,pass,,
savilerow/test-holey-matrix,pass,,
savilerow/test-indexing-flatten,pass,,
savilerow/test-min-max-undef,pass,,
savilerow/test_negative_table,pass,,
savilerow/test_negative_table2,pass,,
savilerow/test-power,pass,,
savilerow/test_power_raw,pass,,
savilerow/tictactoe,pass,,
savilerow/tomsProblem,pass,,
savilerow/valsymElementId,pass,,
savilerow/varsymElementId,pass,,
savilerow/waterBucket,pass,,
sets/MinMax,pass,,
sets/concat,pass,,
sets/constant-eval-set-tests/In,pass,,
sets/constant-eval-set-tests/Intersect,pass,,
sets/constant-eval-set-tests/SubSet,pass,,
sets/constant-eval-set-tests/SubSetEq,pass,,
sets/constant-eval-set-tests/SupSet,pass,,
sets/constant-eval-set-tests/SupSetEq,pass,,
sets/constant-eval-set-tests/Union,pass,,
sets/difference,pass,,
sets/equals1,pass,,
sets/equals2,pass,,
sets/explicit-large-inner-domain,pass,,
sets/in,pass,,
sets/intersect1,pass,,
sets/intersect2,pass,,
sets/neq-marker,pass,,
sets/occurrence-large-inner-domain,pass,,
sets/occurrence-out-of-domain-equality,pass,,
sets/occurrence-set-of-set-membership,pass,,
sets/parsing,pass,,
sets/strict-subset-marker,pass,,
sets/subset,pass,,
sets/subsetEq1,pass,,
sets/subsetEq2,pass,,
sets/subseteq-marker-marker,pass,,
sets/supset,pass,,
sets/supsetEq,pass,,
sets/union1,pass,,
sets/union2,pass,,
sets/union-comprehension,pass,,
smt/bool/and-eq,pass,,
smt/bool/empty,pass,,
smt/bool/implies,pass,,
smt/bool/neq,pass,,
smt/bool/not-and,pass,,
smt/bool/simple-and,pass,,
smt/bool/simple-or,pass,,
smt/int/floor-div,pass,,
smt/int/int-domain,pass,,
smt/int/min-and-max,pass,,
smt/int/simple-div,pass,,
smt/int/simple-negative-add,pass,,
smt/int/simple_negative_mult,pass,,
smt/int/simple-sub,pass,,
smt/int/simple-sum,pass,,
smt/int/to-int,pass,,
smt/matrix/1d-alldiff,pass,,
smt/matrix/2d-eq,pass,,
smt/matrix/2d-indexing,pass,,
smt/matrix/2d-slicing-alldiff,pass,,
smt/matrix/bibd,pass,,
smt/matrix/bool-indexing-of-bool,pass,,
smt/matrix/bool-indexing-of-int,pass,,
smt/matrix/bool-indexing-simple,pass,,
smt/matrix/flatten-no-depth,pass,,
smt/matrix/holey-domain,pass,,
smt/matrix/indexing-addition,pass,,
smt/matrix/int-indexing-of-bool,pass,,
smt/matrix/int-indexing-of-int,pass,,
smt/matrix/lex-eq,pass,,
smt/matrix/lex-geq,pass,,
smt/matrix/lex-gt,pass,,
smt/matrix/lex-leq,pass,,
smt/matrix/lex-lt,pass,,
smt/matrix/magic-square-flatten,pass,,
smt/matrix/nqueens-4,pass,,
smt/matrix/overlapping-eq,pass,,
smt/matrix/overlapping-neq,pass,,
smt/matrix/overlapping-neq-wrapped,pass,,
smt/matrix/scalar-neq,pass,,
smt/matrix/undefined-index,pass,,
smt/matrix/undefined-index-var,pass,,
smt/set/eq,pass,,
smt/set/eq_overlap,pass,,
smt/set/subset-sum,pass,,
