fixture,outcome,sat_heuristic,primary_outcome,compact_retry,sat_translation_seconds,sat_solve_seconds,sat_portfolios,reason
abc,pass,x,pass,,0.1,0.033,65,
antichain,pass,x,pass,,0.782,0.034,65,
basic/abs/0-simple,pass,x,pass,,0.05,0.011,65,
basic/abs/01-simple,pass,x,pass,,0.112,0.03,65,
basic/abs/02-neg,pass,x,pass,,0.126,0.03,65,
basic/abs/03-nested,pass,x,pass,,0.376,0.22,65,
basic/abs/04-bounds,pass,x,pass,,0.132,0.04,65,
basic/alldiff/01-basic,pass,x,pass,,0.13,0.054,110,
basic/alldiff/02-trivially-false,pass,x,pass,,0.134,0.019,110,
basic/alldiff/03-trivially-true,pass,x,pass,,0.111,0.058,110,
basic/bool/01,pass,x,pass,,0.0,0.0,1,
basic/bool/02,pass,x,pass,,0.0,0.0,1,
basic/bool/03,pass,x,pass,,0.001,0.0,1,
basic/bool/04,pass,x,pass,,0.014,0.004,25,
basic/comprehension/01,pass,x,pass,,0.172,0.023,65,
basic/comprehension/02,pass,x,pass,,0.509,0.619,65,
basic/comprehension/03,pass,x,pass,,0.278,0.159,65,
basic/comprehension/04-sum,pass,x,pass,,0.068,0.012,65,
basic/comprehension/05-alldiff,pass,x,pass,,0.0,0.0,1,
basic/comprehension/06,pass,x,pass,,0.061,0.012,65,
basic/comprehension/07,pass,x,pass,,0.089,0.015,65,
basic/comprehension/08,pass,x,pass,,0.11,0.018,65,
basic/comprehension/09,pass,x,pass,,0.107,0.016,65,
basic/comprehension/10,pass,x,pass,,0.029,0.003,25,
basic/comprehension/dependent-domains,pass,c,pass,,0.013,0.0,1,
basic/comprehension/forall-exists-implication,pass,x,pass,,0.022,0.005,25,
basic/comprehension/nested-forall-implication,pass,x,pass,,0.063,0.01,65,
basic/comprehension/set-bounded-image,pass,x,pass,,16.677,0.792,65,
basic/comprehension/set-bounded-image-member,pass,x,pass,,35.101,1.254,65,
basic/comprehension/set-bounded-size-member,pass,x,pass,,35.156,1.336,65,
basic/comprehension/set-bounded-size-sum,pass,x,pass,,16.795,0.838,65,
basic/comprehension/set-fixed-size-member,pass,x,pass,,35.6,1.261,65,
basic/comprehension/set-fixed-size-sum,pass,x,pass,,17.201,0.825,65,
basic/comprehension/set-tuple-member,pass,x,pass,,37.418,2.11,65,
basic/comprehension/set-tuple-sum,pass,x,pass,,17.27,0.853,65,
basic/div/01,pass,x,pass,,0.125,0.034,65,
basic/div/02,pass,x,pass,,0.04,0.01,65,
basic/div/03,pass,x,pass,,0.12,0.037,65,
basic/div/04,pass,x,pass,,0.143,0.174,65,
basic/div/05,pass,x,pass,,0.132,0.118,65,
basic/empty-and-or,pass,x,pass,,0.043,0.009,65,
basic/exists/01-domain-basic,pass,x,pass,,0.0,0.0,1,
basic/exists/02-in-matrix,pass,x,pass,,0.001,0.0,1,
basic/exists/03-domain-inequality,pass,x,pass,,0.0,0.0,1,
basic/exists/04-in-disjunction,pass,x,pass,,0.001,0.0,1,
basic/exists/05-nested-boolean,pass,x,pass,,0.0,0.0,1,
basic/exists/simple/01,pass,x,pass,,0.054,0.01,65,
basic/exists/simple/02,pass,x,pass,,0.08,0.016,65,
basic/exists/simple/03,pass,x,pass,,0.117,0.027,65,
basic/exists/simple/04,pass,x,pass,,0.65,0.226,130,
basic/expr-in-domain/quantified,pass,x,pass,,0.032,0.003,25,
basic/expr-in-domain/variable,pass,x,pass,,0.014,0.004,25,
basic/factorial/01,pass,x,pass,,0.014,0.005,25,
basic/factorial/02,pass,x,pass,,0.012,0.005,25,
basic/finite-givens/set01,pass,x,pass,,1.954,0.1,65,
basic/finite-givens/set02,pass,x,pass,,0.014,0.004,25,
basic/finite-givens/set03,pass,x,pass,,4.158,8.767,110,
basic/finite-givens/set04,pass,c,pass,,0.004,0.003,1,
basic/finite-givens/set05,pass,x,pass,,5.014,1.275,390,
basic/forAll/01-domain-basic,pass,x,pass,,0.0,0.0,1,
basic/forAll/02-in-matrix,pass,x,pass,,0.0,0.0,1,
basic/forAll/03-domain-equality,pass,x,pass,,0.0,0.0,1,
basic/forAll/04-in-conjunction,pass,x,pass,,0.0,0.0,1,
basic/forAll/05-nested-boolean,pass,x,pass,,0.0,0.0,1,
basic/forAll/06-combined-with-exists,pass,x,pass,,0.0,0.0,1,
basic/function/apply-in-domain,pass,x,pass,,1.721,0.233,410,
basic/function/apply-out-of-domain,pass,x,pass,,7.851,0.699,845,
basic/function/apply-partial,pass,x,pass,,10.469,0.932,1040,
basic/function/apply-partial-out-of-domain,pass,x,pass,,11.758,1.079,1040,
basic/function/sparse-partial,pass,c,pass,,0.666,0.012,1,
basic/iff/01-basic,pass,x,pass,,0.0,0.0,1,
basic/iff/02-partial,pass,x,pass,,0.0,0.0,1,
basic/implies/01-basic,pass,x,pass,,0.0,0.0,1,
basic/implies/02-flattening,pass,x,pass,,0.116,0.164,65,
basic/implies/03-tautologies,pass,x,pass,,0.0,0.0,1,
basic/implies/04-needs-normalising,pass,x,pass,,0.001,0.002,1,
basic/implies/05-no-parentheses,pass,x,pass,,0.11,0.162,65,
basic/lettings/01-value-bool,pass,x,pass,,0.072,0.017,65,
basic/lettings/02-value-int,pass,x,pass,,0.066,0.016,65,
basic/lettings/03-value-expr,pass,x,pass,,0.069,0.016,65,
basic/lettings/04-domain,pass,x,pass,,0.054,0.014,65,
basic/lettings/05-letting-in-domain,pass,x,pass,,0.048,0.011,65,
basic/lex/const-geq,pass,x,pass,,0.0,0.0,1,
basic/lex/const-gt,pass,x,pass,,0.0,0.0,1,
basic/lex/const-leq,pass,x,pass,,0.0,0.0,1,
basic/lex/const-long-lt-short,pass,x,pass,,0.001,0.0,1,
basic/lex/const-lt,pass,x,pass,,0.001,0.001,1,
basic/lex/const-short-lt-long,pass,x,pass,,0.0,0.0,1,
basic/lex/long-leq-short,pass,x,pass,,0.241,0.045,65,
basic/lex/long-lt-short,pass,x,pass,,0.199,0.04,65,
basic/lex/offset-leq,pass,c,pass,,0.004,0.001,1,
basic/lex/offset-lt,pass,c,pass,,0.006,0.001,1,
basic/lex/short-leq-long,pass,x,pass,,0.231,0.047,65,
basic/lex/short-lt-long,pass,x,pass,,0.232,0.047,65,
basic/lex/zero-based-leq,pass,c,pass,,0.004,0.001,1,
basic/lex/zero-based-lt,pass,c,pass,,0.004,0.001,1,
basic/log-ops/bool-and,pass,x,pass,,0.0,0.0,1,
basic/log-ops/bool-double-not,pass,x,pass,,0.0,0.0,1,
basic/log-ops/bool-not,pass,x,pass,,0.0,0.0,1,
basic/log-ops/bool-or,pass,x,pass,,0.0,0.0,1,
basic/matrix/01-indexing,pass,x,pass,,0.001,0.0,1,
basic/matrix/02-2d-slicing,pass,c,pass,,0.006,0.001,1,
basic/matrix/03-domain-letting,pass,c,pass,,0.005,0.001,1,
basic/matrix/04-value-letting,pass,x,pass,,0.065,0.013,65,
basic/matrix/05-value-letting-index,pass,x,pass,,0.072,0.012,65,
basic/matrix/06-invalid-index,pass,x,pass,,0.52,0.015,110,
basic/matrix/07-invalid-slice,pass,x,pass,,0.55,0.015,110,
basic/matrix/08-index-is-expr,pass,x,pass,,1.106,0.21,130,
basic/matrix/09-index-is-expr-offset,pass,x,pass,,1.912,0.298,130,
basic/matrix/10-value-letting-index-is-expr,pass,x,pass,,0.41,0.064,130,
basic/matrix/11-index-matrix-literal,pass,x,pass,,0.363,0.079,130,
basic/matrix/12-alldiff-matrix-literal-needs-flattening,pass,x,pass,,0.173,0.047,65,
basic/matrix/13-index-matrix-literal-2d,pass,x,pass,,1.422,0.521,130,
basic/matrix/14-matrix-index-matrix,pass,x,pass,,0.86,0.154,130,
basic/matrix/15-matrix-index-matrix-with-offset,pass,x,pass,,1.017,0.281,130,
basic/matrix/16-matrix-out-bounds,pass,x,pass,,0.704,0.278,130,
basic/matrix/17-matrix-out-bounds-reify,pass,x,pass,,0.676,1.06,130,
basic/matrix/18-matrix-out-bounds-possibly-undef,pass,x,pass,,0.744,0.527,130,
basic/max/01,pass,x,pass,,0.12,0.044,65,
basic/max/01_1_const,pass,x,pass,,0.071,0.016,65,
basic/max/02,pass,x,pass,,0.107,0.025,65,
basic/max/03,pass,x,pass,,0.077,0.017,65,
basic/max/04,pass,x,pass,,0.087,0.022,65,
basic/max/05,pass,x,pass,,0.101,0.022,65,
basic/min/01,pass,x,pass,,0.091,0.037,65,
basic/min/02,pass,x,pass,,0.086,0.023,65,
basic/min/03,pass,x,pass,,0.088,0.023,65,
basic/min/04,pass,x,pass,,0.076,0.012,65,
basic/min/05,pass,x,pass,,0.091,0.028,65,
basic/misc/xyz,pass,x,pass,,0.084,0.033,65,
basic/mod/01,pass,x,pass,,0.166,0.065,65,
basic/mod/02,pass,x,pass,,0.045,0.013,65,
basic/mod/03,pass,x,pass,,0.216,0.095,65,
basic/mod/04,pass,x,pass,,0.224,0.37,65,
basic/mod/05,pass,x,pass,,0.204,0.284,65,
basic/mod/06,pass,x,pass,,0.231,0.378,65,
basic/neg/01-negeq,pass,x,pass,,0.055,0.011,65,
basic/neg/02-nested-neg,pass,x,pass,,0.151,0.037,65,
basic/neg/03-negated-expression,pass,x,pass,,0.177,0.038,65,
basic/neg/04-negated-expression-nested,pass,x,pass,,0.247,0.079,65,
basic/neg/05-sum,pass,x,pass,,0.085,0.019,65,
basic/neg/06-sum-nested,pass,x,pass,,0.138,0.069,65,
basic/neg/unary-negation,pass,x,pass,,0.161,0.124,65,
basic/negativeTable/01,pass,x,pass,,0.239,0.06,195,
basic/optimisation-intermediate-solutions,pass,x,pass,,0.051,0.014,65,
basic/pow/01-simple,pass,x,pass,,4.693,4.07,65,
basic/pow/02-exponent-zero,pass,x,pass,,4.808,4.316,65,
basic/pow/03-negative-exponent,pass,x,pass,,4.683,4.32,65,
basic/pow/04-flatten,pass,x,pass,,3.086,2.404,65,
basic/pow/05-negative-base,pass,x,pass,,0.344,0.202,65,
basic/product/01-simple,pass,x,pass,,0.409,0.246,65,
basic/sequence/apply-in-range,pass,x,pass,,0.043,0.008,50,
basic/sequence/apply-out-of-range,pass,x,pass,,0.614,0.062,260,
basic/sum/01-deeply-nested,pass,x,pass,,0.029,0.004,25,
basic/sum/02-sum-put-in-aux-var,pass,x,pass,,0.28,0.286,65,
basic/table/01,pass,x,pass,,0.174,0.034,130,
basic/table/02,pass,x,pass,,0.239,0.045,195,
basic/table/03,pass,x,pass,,0.167,0.028,130,
basic/toInt/01,pass,x,pass,,0.056,0.013,65,
basic/toInt/02-flatten,pass,x,pass,,0.063,0.015,65,
basic/tuples/01-bool-int,pass,x,pass,,0.601,0.123,195,
basic/tuples/02-literal-indexing,pass,x,pass,,0.06,0.014,65,
basic/tuples/03-equality,pass,x,pass,,0.93,0.367,130,
basic/tuples/04-inequality,pass,x,pass,,0.954,5.955,130,
basic/tuples/05-equal-to-constant,pass,x,pass,,0.149,0.026,130,
basic/tuples/06-letting-statement-explicit,pass,x,pass,,0.0,0.0,1,
basic/tuples/07-letting-statement-domain,pass,x,pass,,0.141,0.022,130,
basic/var-in-domain/01,pass,x,pass,,0.104,0.04,65,
basic/var-in-domain/02,pass,x,pass,,0.148,1.255,65,
basic/weighted-sum/01-simple-lt,pass,x,pass,,0.089,0.024,65,
basic/weighted-sum/02-simple-gt,pass,x,pass,,0.081,0.028,65,
basic/weighted-sum/03-simple-eq,pass,x,pass,,0.089,0.02,65,
basic/weighted-sum/04-needs-normalising,pass,x,pass,,0.159,0.048,65,
basic/weighted-sum/05-flattening,pass,c,pass,,0.04,1.185,1,
bugs/domain-lettings-in-comprehensions-leak-vars-into-scope,pass,x,pass,,0.106,0.014,65,
bugs/experiment/freezes,pass,x,pass,,0.112,0.099,65,
bugs/experiment/works/max2,pass,x,pass,,0.168,0.045,65,
bugs/experiment/works/min,pass,x,pass,,0.064,0.014,65,
bugs/infinite-bubble-up,pass,x,pass,,1.497,0.376,25,
bugs/issue-336-empty-or-should-be-false,pass,x,pass,,0.016,0.002,25,
bugs/parse-indices-in-wrong-order,pass,x,pass,,5.723,2.749,65,
bugs/sm600-non-terminating-min,pass,x,pass,,0.125,0.103,65,
bugs/treemorph-misses-node-01,pass,c,pass,,0.098,0.118,1,
bugs/yb33-min-of-constants-parses-as-nothing,pass,x,pass,,0.052,0.013,65,
cnf/bool-eq,pass,x,pass,,0.0,0.0,1,
cnf/bool-ineq,pass,x,pass,,0.0,0.0,1,
cnf/cnf1,pass,x,pass,,0.001,0.0,1,
cnf/cnf3,pass,x,pass,,0.001,0.0,1,
cnf/comparison/better_direct,pass,x,pass,,0.19,0.08,65,
cnf/comparison/better_log,pass,x,pass,,0.177,0.084,65,
cnf/comparison/sparse_direct,pass,x,pass,,0.138,0.097,65,
cnf/comparison/sparse_log,pass,x,pass,,0.135,0.088,65,
cnf/equivalence1,pass,x,pass,,0.0,0.0,1,
cnf/implication1,pass,x,pass,,0.0,0.0,1,
cnf/implication2,pass,x,pass,,0.0,0.0,1,
cnf/int_direct/01-eq,pass,x,pass,,0.084,0.019,65,
cnf/int_direct/02-eq,pass,x,pass,,0.045,0.01,65,
cnf/int_direct/02-neq,pass,x,pass,,0.086,0.064,65,
cnf/int_direct/03-ineq,pass,x,pass,,0.158,0.291,65,
cnf/int_direct/05-neg,pass,x,pass,,0.175,0.049,65,
cnf/int_direct/06-abs,pass,x,pass,,0.142,0.022,65,
cnf/int_direct/06-add,pass,x,pass,,0.289,12.464,65,
cnf/int_direct/07-abs-nonnegative,pass,x,pass,,0.107,0.019,65,
cnf/int_direct/07-add-single-pair,pass,x,pass,,0.069,0.013,65,
cnf/int_direct/08-abs-nonpositive,pass,x,pass,,0.113,0.018,65,
cnf/int_direct/08-add-constants,pass,x,pass,,0.072,0.021,65,
cnf/int_direct/09-abs-zero,pass,x,pass,,0.055,0.009,65,
cnf/int_order,pass,x,pass,,0.019,0.003,25,
cnf/int_order_2,pass,x,pass,,0.046,0.01,65,
cnf/integer/01-lt,pass,x,pass,,0.086,0.039,65,
cnf/integer/02-add,pass,x,pass,,0.154,0.071,65,
cnf/integer/03-ranges,pass,x,pass,,0.065,0.014,65,
cnf/integer/04-complex-add,pass,x,pass,,0.166,1.083,65,
cnf/integer/05-product,pass,x,pass,,0.577,0.489,65,
cnf/integer/07-min,pass,x,pass,,0.103,0.027,65,
cnf/integer/08-max,pass,x,pass,,0.103,0.028,65,
cnf/integer/09-abs,pass,x,pass,,0.369,0.284,65,
cnf/integer/10-div,pass,x,pass,,2.259,2.683,65,
cnf/integer/11-minus,pass,x,pass,,0.091,0.032,65,
cnf/neg-div,pass,x,pass,,1.184,41.428,65,
cnf/one_unbound_literal,pass,x,pass,,0.001,0.0,1,
cnf/one_unconstrained_literal,pass,x,pass,,0.0,0.0,1,
cnf/order_neq,pass,x,pass,,0.179,4.676,65,
cnf/single_disjunction,pass,x,pass,,0.0,0.0,1,
cnf/three_unconstrained_literals,pass,x,pass,,0.0,0.0,1,
cnf/two_unbound_literals,pass,x,pass,,0.001,0.0,1,
cnf/two_unconstrained_literals,pass,x,pass,,0.0,0.0,1,
conjure/all_diff/all_diff_except_comprehension_smoke,pass,x,pass,,0.172,0.129,110,
conjure/function/function_complex_01,pass,c,pass,,0.178,0.082,1,
conjure/function/function_partial_int_set_01,pass,x,pass,,18.059,4.684,459,
conjure/function/function_partial_smoke,fail,c,fail,,,,,4 GiB RSS: SAT rewriting; packed-function bit extraction expands division/modulo circuits
conjure/function/function_record_injective_attr,pass,c,pass,,0.002,0.0,1,
conjure/function/function_total_bool_01,pass,x,pass,,9.534,2.761,314,
conjure/function/function_total_bool_02,pass,c,pass,,0.002,0.0,1,
conjure/function/function_total_bool_03,pass,c,pass,,0.002,0.001,1,
conjure/function/function_total_bool_04,pass,c,pass,,0.001,0.0,1,
conjure/function/function_total_bool_05,pass,c,pass,,0.003,0.0,1,
conjure/function/function_total_bool_06,pass,c,pass,,0.004,0.0,1,
conjure/function/function_total_bool_smoke,pass,x,pass,,10.157,2.89,314,
conjure/function/function_total_int_01,pass,x,pass,,28.095,11.466,314,
conjure/function/function_total_int_02,pass,c,pass,,0.003,0.0,1,
conjure/function/function_total_int_03,pass,c,fail,pass,0.003,0.003,1,
conjure/function/function_total_int_04,pass,c,fail,pass,0.002,0.001,1,
conjure/function/function_total_int_05,pass,c,fail,pass,0.005,0.001,1,
conjure/function/function_total_int_06,pass,c,fail,pass,0.004,0.001,1,
conjure/function/function_total_int_set_01,pass,c,fail,pass,0.043,0.017,1,
conjure/function/function_total_record_01_find,pass,c,pass,,0.001,0.0,1,
conjure/function/function_total_tuple_01_find,pass,c,pass,,0.001,0.0,1,
conjure/function/function_tuple_injective_attr,pass,c,pass,,0.002,0.0,1,
conjure/matrix/matrix01_bools,pass,x,pass,,0.001,0.0,1,
conjure/matrix/matrix_atmost_atleast,pass,x,pass,,0.487,0.298,130,
conjure/matrix/matrix_literal_comprehension,pass,x,pass,,0.345,0.045,65,
conjure/matrix/matrix_of_set_01,pass,x,pass,,1.503,0.672,92,
conjure/min_max/min_max_zero_and_guard_smoke,pass,x,pass,,0.112,0.02,65,
conjure/mset/mset01_find,pass,x,pass,,4.103,0.762,325,
conjure/mset/mset01_param_p1,pass,x,pass,,5.454,0.412,325,
conjure/mset/mset01_param_p4,pass,x,pass,,5.449,0.458,325,
conjure/mset/mset01_param_p7,pass,x,pass,,5.44,0.411,325,
conjure/mset/mset02,pass,x,pass,,4.674,1.306,325,
conjure/mset/mset03_1,pass,x,pass,,4.022,0.733,325,
conjure/mset/mset03_2,pass,x,pass,,9.325,2.971,325,
conjure/mset/mset04,pass,x,pass,,2.419,0.309,325,
conjure/mset/mset05,pass,x,pass,,3.801,0.608,325,
conjure/mset/mset06_1,pass,x,pass,,39.051,2.486,645,
conjure/mset/mset06_2,pass,c,pass,,0.402,0.525,1,
conjure/mset/mset07,pass,x,pass,,2.391,0.871,325,
conjure/partition/partition_01,pass,c,pass,,0.632,0.143,1,
conjure/partition/partition_02,pass,c,pass,,0.626,0.131,1,
conjure/partition/partition_03,pass,c,pass,,0.572,0.118,1,
conjure/partition/partition_lit_01,pass,x,pass,,0.0,0.0,1,
conjure/permutation/perm_card_0001,pass,x,pass,,0.076,0.015,65,
conjure/permutation/perm_card_0002,pass,x,pass,,0.077,0.015,65,
conjure/permutation/perm_card_0003,pass,c,pass,,0.208,0.182,1,
conjure/permutation/perm_eq_0001,pass,c,pass,,0.001,0.0,1,
conjure/permutation/perm_eq_0002,pass,c,pass,,0.001,0.0,1,
conjure/permutation/perm_eq_0003,pass,c,pass,,0.001,0.0,1,
conjure/permutation/perm_eq_0004,pass,c,pass,,0.001,0.0,1,
conjure/permutation/perm_eq_0005,pass,c,pass,,0.148,0.022,1,
conjure/permutation/perm_eq_0007,pass,c,pass,,0.0,0.0,1,
conjure/permutation/perm_eq_extra,pass,c,pass,,0.001,0.0,1,
conjure/permutation/perm_image_0001_p1,pass,x,pass,,0.068,0.014,65,
conjure/permutation/perm_image_0001_p2,pass,x,pass,,0.071,0.015,65,
conjure/permutation/perm_image_0002,pass,x,pass,,0.078,0.016,65,
conjure/permutation/perm_image_0003,pass,x,pass,,0.071,0.015,65,
conjure/permutation/perm_image_0006,pass,x,pass,,0.073,0.015,65,
conjure/permutation/perm_inverse_0005,pass,c,pass,,0.192,0.03,1,
conjure/permutation/perm_repr_0001,pass,c,pass,,0.001,0.0,1,
conjure/permutation/perm_repr_0002,pass,c,pass,,0.001,0.0,1,
conjure/permutation/perm_repr_0003,pass,c,pass,,0.001,0.0,1,
conjure/permutation/perm_repr_0004,pass,c,pass,,0.001,0.0,1,
conjure/permutation/perm_repr_0006,pass,c,pass,,0.055,0.002,1,
conjure/permutation/perm_repr_0008,pass,c,pass,,0.052,0.011,1,
conjure/permutation/perm_repr_0009,pass,c,pass,,0.001,0.0,1,
conjure/permutation/perm_repr_0010,pass,c,pass,,0.042,0.002,1,
conjure/permutation/perm_repr_0011,pass,c,pass,,0.044,0.002,1,
conjure/permutation/perm_repr_0012,pass,c,pass,,0.055,0.008,1,
conjure/permutation/permutation_as_function_smoke,pass,c,pass,,0.046,0.003,1,
conjure/primitive/bool_is_false,pass,x,pass,,0.0,0.0,1,
conjure/primitive/bool_is_free,pass,x,pass,,0.0,0.0,1,
conjure/primitive/bool_is_free_pfalse,pass,x,pass,,0.001,0.0,1,
conjure/primitive/bool_is_free_ptrue,pass,x,pass,,0.0,0.0,1,
conjure/primitive/bool_is_param_false,pass,x,pass,,0.001,0.0,1,
conjure/primitive/bool_is_param_true,pass,x,pass,,0.0,0.0,1,
conjure/primitive/int_is_fixed,pass,x,pass,,0.062,0.013,65,
conjure/primitive/int_is_free,pass,x,pass,,0.021,0.006,25,
conjure/primitive/int_is_param_2,pass,x,pass,,0.064,0.014,65,
conjure/primitive/int_is_param_3,pass,x,pass,,0.054,0.011,65,
conjure/primitive/int_param_domain_01,pass,x,pass,,0.065,0.014,65,
conjure/primitive/int_param_domain_02,pass,x,pass,,0.071,0.014,65,
conjure/primitive/int_param_domain_03,pass,x,pass,,0.068,0.014,65,
conjure/primitive/int_param_domain_04,pass,x,pass,,0.097,0.022,65,
conjure/record/record00,pass,x,pass,,1.008,0.191,130,
conjure/record/record01,pass,x,pass,,14.088,5.453,197,
conjure/relation/binrel01,pass,c,pass,,0.003,0.0,1,
conjure/relation/binrel02,pass,c,pass,,0.009,0.001,1,
conjure/relation/binrel03,pass,c,pass,,0.009,0.001,1,
conjure/relation/binrel04,pass,c,pass,,14.958,2.223,1,
conjure/relation/finiteGivens_relation01,pass,x,pass,,0.361,0.049,65,
conjure/relation/reflexive_rel,pass,x,pass,,9.032,1.996,264,
conjure/relation/relation01,pass,x,pass,,5.863,2.756,264,
conjure/relation/relation02,pass,x,pass,,18.504,4.705,264,
conjure/relation/relation03_2,pass,x,pass,,26.649,8.241,264,
conjure/relation/relation04_find,pass,c,pass,,0.006,0.001,1,
conjure/relation/relation04_param,pass,c,pass,,42.485,0.048,1,
conjure/relation/relation05_set_fixed_direct,pass,x,pass,,7.625,26.629,197,
conjure/relation/relation05_set_fixed_setty,pass,x,pass,,4.618,13.288,132,
conjure/relation/relation06_set_bounded_direct,pass,x,pass,,15.41,21.5,197,
conjure/relation/relation06_set_bounded_setty,pass,x,pass,,8.757,11.061,132,
conjure/relation/relation07_connex,pass,c,pass,,0.012,0.001,1,
conjure/sequence/sequence01,pass,x,pass,,0.061,0.018,50,
conjure/sequence/sequence02,pass,x,pass,,0.219,0.07,90,
conjure/sequence/sequence03,pass,x,pass,,0.207,0.052,90,
conjure/sequence/sequence04,pass,x,pass,,30.899,7.987,130,
conjure/sequence/sequence05,pass,c,pass,,0.019,0.001,1,
conjure/sequence/sequence_bijective,pass,x,pass,,7.01,2.108,285,
conjure/sequence/sequence_empty_01,pass,x,pass,,0.0,0.0,1,
conjure/sequence/sequence_empty_02,pass,x,pass,,1.128,0.407,130,
conjure/sequence/sequence_empty_03,pass,x,pass,,1.168,0.423,130,
conjure/sequence/sequence_empty_04,pass,x,pass,,1.152,0.426,130,
conjure/sequence/sequence_injective_fixed,pass,x,pass,,0.543,0.385,175,
conjure/sequence/sequence_injective_variable,pass,x,pass,,1.287,1.062,130,
conjure/sequence/sequence_subseq_dups,pass,x,pass,,7.542,3.141,130,
conjure/sequence/sequence_subseq_nodups,pass,x,pass,,7.697,3.47,130,
conjure/sequence/sequence_substr,pass,x,pass,,3.308,1.789,130,
conjure/sequence/sequence_surjective,pass,x,pass,,2.029,0.51,195,
conjure/set/cut_01_off,pass,x,pass,,1.566,0.487,132,
conjure/set/finiteGivens_set01,pass,x,pass,,2.196,0.108,65,
conjure/set/finiteGivens_set02,pass,x,pass,,0.017,0.004,25,
conjure/set/finiteGivens_set03,pass,x,pass,,4.706,16.031,110,
conjure/set/finiteGivens_set04_p1,pass,c,pass,,0.004,0.003,1,
conjure/set/finiteGivens_set04_p2,pass,c,pass,,0.004,0.003,1,
conjure/set/finiteGivens_set05_p1,pass,x,pass,,1.901,0.354,260,
conjure/set/finiteGivens_set05_p2,pass,x,pass,,3.571,0.77,390,
conjure/set/finiteGivens_set_of_record,pass,x,pass,,0.401,0.053,65,
conjure/set/finiteGivens_set_of_tuple,pass,x,pass,,0.37,0.05,65,
conjure/set/set01_1,pass,x,pass,,0.736,0.222,132,
conjure/set/set01_2,pass,x,pass,,1.421,0.29,132,
conjure/set/set01_3,pass,x,pass,,1.417,0.291,132,
conjure/set/set02,pass,x,pass,,1.078,0.264,132,
conjure/set/set03,pass,x,pass,,1.232,0.224,132,
conjure/set/set04,pass,x,pass,,2.591,0.509,132,
conjure/set/set05,pass,x,pass,,3.826,0.967,132,
conjure/set/set06,pass,x,pass,,4.678,1.107,132,
conjure/set/set07,pass,x,pass,,19.76,2.406,132,
conjure/set/set08,pass,c,pass,,8.419,0.845,1,
conjure/set/set09,pass,x,pass,,22.868,4.187,132,
conjure/set/setOfSet01,pass,x,pass,,5.58,1.56,132,
conjure/set/setOfSet02,pass,x,pass,,3.012,0.862,132,
conjure/set/setOfSet03,pass,x,pass,,1.849,0.865,132,
conjure/set/setOfSet04,pass,x,pass,,1.899,0.753,132,
conjure/set/set_card_00,pass,x,pass,,2.411,0.422,150,
conjure/set/set_card_01,pass,x,pass,,0.648,0.132,132,
conjure/set/set_card_02,pass,x,pass,,0.724,0.129,132,
conjure/set/set_subseteq_constant_smoke,pass,x,pass,,8.699,2.701,180,
conjure/tuple/matrix_of_tuple_eq,pass,x,pass,,3.148,0.098,130,
conjure/tuple/tuple01_bool_int,pass,x,pass,,1.099,0.381,195,
conjure/tuple/tuple02_nested,pass,x,pass,,3.814,1.272,195,
conjure/tuple/tuple03_literal,pass,x,pass,,0.052,0.013,65,
conjure/tuple/tuple_packed_nested_tuple_smoke,pass,x,pass,,0.638,0.118,195,
conjure/variant/finiteGivens_set_of_variant_p1,pass,x,pass,,1.098,0.089,65,
conjure/variant/finiteGivens_set_of_variant_p2,pass,x,pass,,1.165,0.091,65,
conjure/variant/finiteGivens_set_of_variant_p3,pass,x,pass,,1.084,0.09,65,
conjure/variant/finiteGivens_set_of_variant_p4,pass,x,pass,,1.084,0.086,65,
conjure/variant/variant00,pass,x,pass,,1.347,0.078,130,
conjure/variant/variant01,pass,x,pass,,4.126,1.484,197,
conjure/variant/variant02,pass,x,pass,,0.265,0.035,130,
dominance/int_pareto_01,pass,x,pass,,0.069,0.21,65,
dominance/int_pareto_direction_01,pass,x,pass,,0.071,0.016,65,
dominance/int_pareto_list_01,pass,x,pass,,0.062,0.013,65,
dominance/rfc_example,pass,c,pass,,0.012,0.063,1,
dominance/rfc_example_future,pass,c,pass,,0.009,0.049,1,
dominance/sat_pareto_01,pass,x,pass,,0.0,0.001,1,
dominance/sat_pareto_02,pass,x,pass,,0.001,0.002,1,
dominance/sat_pareto_03,pass,x,pass,,0.001,0.001,1,
dominance/subset_pareto_01,pass,x,pass,,0.001,0.001,1,
dominance/subset_pareto_01_future,pass,x,pass,,0.954,0.428,130,
eprime-minion/bool/literals-to-wlit-1,pass,x,pass,,0.001,0.0,1,
eprime-minion/nqueens-4,pass,c,pass,,0.015,0.075,1,
eprime-minion/partial-eval-01-add,pass,x,pass,,0.112,0.044,65,
eprime-minion/partial-eval-02-or-and,pass,x,pass,,0.001,0.0,1,
eprime-minion/partial-eval-03,pass,x,pass,,13.549,6.403,110,
eprime-minion/xyz,pass,x,pass,,0.095,0.042,65,
hakank-eprime/quasigroup-completion/01,pass,c,pass,,0.013,0.002,1,
hakank-eprime/quasigroup-completion/02,pass,c,pass,,0.012,0.002,1,
hakank-eprime/schur-small,pass,x,pass,,0.148,0.027,65,
hakank-eprime/xkcd,pass,c,pass,,0.206,0.162,1,
mildly-interesting/gchq-2016,fail,c,fail,,,,,600 seconds: SAT rewriting
mildly-interesting/subset-sum,pass,x,pass,,12.488,3.282,140,
minion-constraints/diseq,pass,x,pass,,0.064,0.025,65,
minion-constraints/div-undefzero-01-simple,pass,x,pass,,0.183,0.057,65,
minion-constraints/div-undefzero-02-zero,pass,x,pass,,0.182,0.062,65,
minion-constraints/div-undefzero-03-nested,pass,x,pass,,0.38,0.214,65,
minion-constraints/div-undefzero-04-nested-neq,pass,x,pass,,0.414,2.684,65,
minion-constraints/div-undefzero-05-nested-noteq,pass,x,pass,,0.452,8.346,65,
minion-constraints/eq,pass,x,pass,,0.063,0.014,65,
minion-constraints/ineq-01-strict-less-than,pass,x,pass,,0.07,0.026,65,
minion-constraints/ineq-02-leq,pass,x,pass,,0.074,0.03,65,
minion-constraints/ineq-03-leq-plus-k,pass,x,pass,,0.067,0.022,65,
minion-constraints/ineq-04-strict-greater-than,pass,x,pass,,0.07,0.026,65,
minion-constraints/ineq-05-geq-plus-k-wrong-order,pass,x,pass,,0.082,0.028,65,
minion-constraints/ineq-06-leq-plus-k-wrong-order,pass,x,pass,,0.089,0.03,65,
minion-constraints/modulo-undefzero-01-simple,pass,x,pass,,0.283,0.348,65,
minion-constraints/modulo-undefzero-02-zero,pass,x,pass,,0.26,0.126,65,
minion-constraints/modulo-undefzero-03-nested,pass,x,pass,,0.699,0.887,65,
minion-constraints/modulo-undefzero-04-nested-neq,pass,x,pass,,0.626,0.872,65,
minion-constraints/modulo-undefzero-05-nested-noteq,pass,x,pass,,0.657,1.474,65,
minion-constraints/sumgeq,pass,x,pass,,0.094,0.079,65,
minion-constraints/sumleq,pass,x,pass,,0.091,0.048,65,
optimisations/implies-tautologies-cse,pass,x,pass,,4.367,6.111,65,
pythagorean-triples,pass,x,pass,,1.638,2.242,65,
sat-ir/alldifferent,pass,x,pass,,0.251,0.379,110,
sat-ir/alldifferent-except,pass,x,pass,,0.318,0.27,110,
sat-ir/alldifferent-matrices,pass,x,pass,,1.024,0.438,65,
sat-ir/alldifferent-records,pass,x,pass,,1.264,0.455,130,
sat-ir/alldifferent-sequences,pass,x,pass,,40.085,11.638,195,
sat-ir/alldifferent-sets,pass,x,pass,,17.508,3.153,132,
sat-ir/alldifferent-tuples,pass,x,pass,,1.567,5.684,130,
sat-ir/alldifferent-unequal-tuples,pass,x,pass,,14.077,14.313,195,
sat-ir/alldifferent-variable-except,pass,x,pass,,0.596,0.956,110,
sat-ir/asserted-conjunctions,pass,x,pass,,0.165,0.051,130,
sat-ir/boolean-products,pass,x,pass,,0.16,0.026,65,
sat-ir/cardinality,pass,x,pass,,0.001,0.001,2,
sat-ir/dominance-counts,pass,x,pass,,0.078,4.766,90,
sat-ir/dominance-rank-views,pass,x,pass,,0.169,1.898,65,
sat-ir/dominance-weighted,pass,x,pass,,0.162,1.713,65,
sat-ir/element,pass,x,pass,,1.604,0.499,130,
sat-ir/element-compound-matrices,pass,x,pass,,3.651,0.91,130,
sat-ir/element-compound-records,pass,x,pass,,10.273,2.707,260,
sat-ir/element-compound-sequences,pass,x,pass,,43.164,12.032,260,
sat-ir/element-compound-sets,pass,c,pass,,0.792,0.057,1,
sat-ir/element-compound-tuples,pass,x,pass,,10.009,2.65,260,
sat-ir/elementid,pass,x,pass,,3.1,3.267,130,
sat-ir/function-compound-domain,pass,x,pass,,26.29,6.428,587,
sat-ir/function-compound-masked,pass,x,pass,,22.753,4.621,1040,
sat-ir/guarded-counts,pass,x,pass,,2.638,0.377,450,
sat-ir/integer-relations,pass,x,pass,,0.221,0.08,65,
sat-ir/lex-tuples,pass,x,pass,,0.446,0.889,130,
sat-ir/lex-tuples-unequal,pass,x,pass,,0.302,0.132,130,
sat-ir/membership-outside-domain,pass,x,pass,,3.732,2.094,390,
sat-ir/mixed-indicators,pass,x,pass,,2.824,1.537,130,
sat-ir/modulo,pass,x,pass,,0.828,5.028,130,
sat-ir/objective-max,pass,x,pass,,0.622,0.336,65,
sat-ir/objective-min,pass,x,pass,,0.632,0.313,65,
sat-ir/occurrence-counts-reified,pass,x,pass,,1.735,0.255,450,
sat-ir/power-undefined,pass,x,pass,,1.367,3.735,130,
sat-ir/reified-cardinality,pass,x,pass,,0.045,0.051,18,
sat-ir/set-membership,pass,x,pass,,0.18,0.035,65,
sat-ir/signed-arithmetic,pass,x,pass,,0.634,1.127,65,
sat-ir/sparse-partial-small,pass,c,pass,,1.719,0.277,1,
sat-ir/table,pass,x,pass,,0.341,0.295,130,
sat-ir/table-binary-support,pass,x,pass,,0.369,0.13,195,
sat-ir/table-short,pass,x,pass,,0.59,0.273,130,
sat-ir/table-variable,pass,x,pass,,0.38,0.356,130,
sat-ir/uniform-integers,pass,x,pass,,0.124,0.071,65,
sat-ir/unsigned-integers,pass,x,pass,,2.648,1.568,450,
sat-ir/weighted-linear,pass,x,pass,,0.137,0.055,65,
savilerow/absBug,pass,c,pass,,0.162,0.021,1,
savilerow/add,pass,x,pass,,0.146,0.308,65,
savilerow/alldiff_except,pass,x,pass,,1.477,6.454,110,
savilerow/alldiff_except_nest,pass,x,pass,,1.549,7.456,110,
savilerow/and,pass,x,pass,,0.001,0.0,1,
savilerow/atleast-test,pass,x,pass,,3.975,0.254,130,
savilerow/atmost-test,pass,x,pass,,24.666,10.549,450,
savilerow/bibd,pass,x,pass,,0.898,0.046,10,
savilerow/bibd-implied,pass,c,pass,,10.864,4.82,1,
savilerow/blackhole,pass,c,pass,,6.991,438.675,1,
savilerow/bugVariableArray1,pass,c,pass,,0.114,0.1,1,
savilerow/carSequencing,fail,c,fail,,,,,4 GiB RSS: SAT rewriting/model construction
savilerow/catchundef-saad1,pass,x,pass,,4.197,2.822,130,
savilerow/const_matrix_test,fail,x,fail,,,,,panic: 0 is not a valid index for dimension 0
savilerow/cryptArithmetic,pass,c,pass,,0.026,0.025,1,
savilerow/diet,pass,c,pass,,0.026,0.117,1,
savilerow/discreteTomography,pass,x,pass,,0.275,0.04,10,
savilerow/divide-mod,pass,x,pass,,0.019,0.004,25,
savilerow/divide-mod-novar,pass,x,pass,,0.001,0.0,1,
savilerow/efpa,pass,c,pass,,3.738,4.211,1,
savilerow/farm_puzzle,pass,x,pass,,0.179,0.256,65,
savilerow/futoshiki,pass,c,pass,,0.052,0.015,1,
savilerow/gcctest,pass,c,pass,,0.014,0.013,1,
savilerow/golomb,pass,c,pass,,0.136,0.022,1,
savilerow/golomb2,pass,c,pass,,0.116,0.023,1,
savilerow/graphColouring,pass,x,pass,,0.627,0.097,65,
savilerow/grocery,skipped,c,skipped,,,,,Minion product domain bounds too large
savilerow/iff,pass,x,pass,,0.001,0.0,1,
savilerow/implies,pass,x,pass,,0.0,0.0,1,
savilerow/killer,pass,c,pass,,0.729,0.351,1,
savilerow/killer16,pass,c,pass,,8.296,16.64,1,
savilerow/knapsack,pass,c,pass,,0.02,0.014,1,
savilerow/knights,pass,c,pass,,9.637,103.282,1,
savilerow/langford,pass,x,pass,,0.639,0.555,110,
savilerow/langfordN,pass,c,pass,,0.03,1.342,1,
savilerow/lee-distance,fail,c,fail,,,,,600 seconds: SAT rewriting; Direct addition and symbol-table cloning sampled
savilerow/magicSequence,fail,c,fail,,,,,4 GiB RSS: SAT phase; precise hotspot not profiled
savilerow/magicSquare,pass,c,pass,,0.014,0.737,1,
savilerow/matrix-outbounds,pass,x,pass,,0.483,0.011,61,
savilerow/matrix-test,pass,c,pass,,0.028,0.673,1,
savilerow/matrix_lit_explicit_index_1,pass,x,pass,,0.064,0.014,65,
savilerow/matrix_lit_explicit_index_2,pass,x,pass,,0.061,0.013,65,
savilerow/matrix_lit_explicit_index_3,pass,x,pass,,0.063,0.014,65,
savilerow/matrix_lit_explicit_index_4,pass,x,pass,,0.062,0.013,65,
savilerow/matrix_lit_explicit_index_5,pass,x,pass,,0.06,0.013,65,
savilerow/matrix_lit_explicit_index_6,pass,x,pass,,0.059,0.013,65,
savilerow/matrix_lit_explicit_index_7,pass,x,pass,,0.066,0.017,65,
savilerow/minusSum,pass,x,pass,,0.058,0.012,65,
savilerow/molnars,pass,c,pass,,0.241,0.764,1,
savilerow/multiDimensionArray,pass,c,pass,,41.388,0,0,
savilerow/n_queens1,pass,c,pass,,0.058,0.027,1,
savilerow/n_queens2,pass,x,pass,,2.364,1.166,110,
savilerow/n_queens_new,pass,c,pass,,0.035,0.199,1,
savilerow/nqueens-8,pass,c,pass,,0.035,0.207,1,
savilerow/nurse,pass,x,pass,,23.881,0.844,130,
savilerow/opd,pass,c,pass,,0.439,11.201,1,
savilerow/opt-matrixderef,pass,x,pass,,0.762,0.137,130,
savilerow/or,pass,x,pass,,0.001,0.0,1,
savilerow/peaceableArmyOfQueens-old1,pass,c,pass,,0.487,0.237,1,
savilerow/peaceableArmyOfQueens-old3,pass,x,pass,,37.221,15.196,65,
savilerow/peaceableArmyOfQueens1,pass,x,pass,,12.582,2.528,65,
savilerow/peaceableArmyOfQueens2,pass,c,pass,,0.644,1.985,1,
savilerow/peaceableArmyOfQueens2-failing,pass,x,pass,,23.021,0,0,
savilerow/peacefulArmyQueens3,pass,x,pass,,9.869,0.688,65,
savilerow/pegSolitaireAction,skipped,x,skipped,,,,,"Rewriting is too slow for this parameter: about 33 seconds per step, so over 15 minutes for the 31 steps asked for here"
savilerow/pegSolitaireState,skipped,x,skipped,,,,,"Rewriting is too slow for this parameter: about 33 seconds per step, so over 15 minutes for the 31 steps asked for here"
savilerow/pegSolitaireTable,fail,c,fail,,,,,4 GiB RSS: SAT table-model rewriting
savilerow/permMultElementId,pass,x,pass,,0.705,0.06,130,
savilerow/plotting,pass,c,pass,,176.685,2.0,1,
savilerow/problem1,pass,x,pass,,0.053,0.014,65,
savilerow/problem102,pass,x,pass,,0.001,0.0,1,
savilerow/problem110,pass,x,pass,,32.611,5.988,130,
savilerow/problem136,pass,x,pass,,0.0,0.0,1,
savilerow/problem160,pass,x,pass,,0.001,0.0,1,
savilerow/problem31,pass,x,pass,,1.266,0.071,65,
savilerow/problem51,pass,x,pass,,0.683,0.294,65,
savilerow/problem52,pass,x,pass,,0.001,0.0,1,
savilerow/quantification_over_matrix_doms_1,pass,x,pass,,0.461,0.035,65,
savilerow/quantification_over_matrix_doms_2,pass,c,pass,,5.848,0.001,1,
savilerow/quantification_over_matrix_doms_3,pass,x,pass,,17.783,0.04,65,
savilerow/quantification_over_matrix_doms_4,pass,x,pass,,18.087,0.403,110,
savilerow/quantification_over_matrix_doms_5,pass,x,pass,,2.757,0.007,25,
savilerow/quasiGroup3Idempotent,pass,c,pass,,1.881,0,0,
savilerow/quasiGroup3NonIdempotent,pass,c,pass,,1.255,0,0,
savilerow/quasiGroup4Idempotent,pass,c,pass,,2.192,1.338,1,
savilerow/quasiGroup4NonIdempotent,pass,c,pass,,1.974,0,0,
savilerow/quasiGroup5Idempotent,pass,c,pass,,2.495,0.192,1,
savilerow/quasiGroup5NonIdempotent,pass,c,pass,,2.516,7.57,1,
savilerow/quasiGroup6,pass,c,pass,,12.392,11.506,1,
savilerow/quasiGroup7,pass,c,pass,,2.471,1.657,1,
savilerow/revForallRange2,pass,x,pass,,0.365,0.394,25,
savilerow/semigroup,pass,c,pass,,8.394,3.256,1,
savilerow/sendMoreMoney,pass,c,pass,,0.006,0.031,1,
savilerow/shorttable-assigntest,skipped,x,skipped,,,,,Conjure does not support tableshort
savilerow/shorttable-smalltest,skipped,x,skipped,,,,,Conjure does not support tableshort
savilerow/simpleElementId,pass,c,pass,,0.033,0.377,1,
savilerow/solitaire_battleship,pass,c,pass,,87.873,0.653,1,
savilerow/sonet2,pass,c,pass,,0.106,0.056,1,
savilerow/sonet_problem,pass,x,pass,,8.842,2.996,450,
savilerow/sportsScheduling,pass,c,pass,,0.251,0.176,1,
savilerow/sportsScheduling2,pass,c,pass,,0.254,0.18,1,
savilerow/sportsScheduling3,pass,c,pass,,0.239,0.175,1,
savilerow/sudoku-comprehension,pass,c,pass,,0.191,0.154,1,
savilerow/sudoku3,pass,c,pass,,0.501,0.142,1,
savilerow/test-branchingon2,pass,c,pass,,147.42,1.892,1,
savilerow/test-holey-matrix,pass,x,pass,,1.415,2.45,130,
savilerow/test-indexing-flatten,pass,x,pass,,14.298,2.249,65,
savilerow/test-min-max-undef,pass,x,pass,,0.194,0.268,25,
savilerow/test-power,pass,x,pass,,0.267,0.049,65,
savilerow/testMatrixBounds1,pass,x,pass,,0.027,0.003,25,
savilerow/testMatrixBounds2,pass,x,pass,,0.029,0.005,25,
savilerow/test_comprehension_functions,pass,x,pass,,40.562,11.201,130,
savilerow/test_element_simplify,pass,x,pass,,0.494,0.319,130,
savilerow/test_negative_table,pass,x,pass,,0.436,1.221,195,
savilerow/test_negative_table2,pass,x,pass,,0.47,1.569,195,
savilerow/test_power_raw,pass,x,pass,,0.258,0.046,65,
savilerow/tictactoe,pass,x,pass,,28.365,23.781,65,
savilerow/tomsProblem,pass,x,pass,,2.591,0.035,65,
savilerow/valsymElementId,pass,c,pass,,0.552,0.01,1,
savilerow/varsymElementId,pass,x,pass,,15.483,0.108,65,
savilerow/waterBucket,pass,x,pass,,16.245,6.59,65,
sets/MinMax,pass,x,pass,,4.158,3.724,132,
sets/concat,pass,x,pass,,0.0,0.0,1,
sets/constant-eval-set-tests/In,pass,x,pass,,0.018,0.005,25,
sets/constant-eval-set-tests/Intersect,pass,x,pass,,0.057,0.013,65,
sets/constant-eval-set-tests/SubSet,pass,x,pass,,0.001,0.0,1,
sets/constant-eval-set-tests/SubSetEq,pass,x,pass,,0.001,0.0,1,
sets/constant-eval-set-tests/SupSet,pass,x,pass,,0.001,0.0,1,
sets/constant-eval-set-tests/SupSetEq,pass,x,pass,,0.001,0.0,1,
sets/constant-eval-set-tests/Union,pass,x,pass,,0.065,0.014,65,
sets/difference,pass,x,pass,,0.812,0.156,132,
sets/equals1,pass,x,pass,,0.0,0.0,1,
sets/equals2,pass,x,pass,,0.87,0.17,132,
sets/explicit-large-inner-domain,pass,c,pass,,0.013,0.001,1,
sets/in,pass,x,pass,,0.066,0.016,65,
sets/intersect1,pass,x,pass,,0.0,0.0,1,
sets/intersect2,pass,x,pass,,0.748,0.162,132,
sets/neq-marker,pass,x,pass,,2.346,0.492,132,
sets/occurrence-large-inner-domain,pass,c,pass,,0.005,0.006,1,
sets/occurrence-out-of-domain-equality,pass,c,pass,,0.001,0.0,1,
sets/occurrence-set-of-set-membership,pass,c,pass,,0.073,0.009,1,
sets/parsing,pass,x,pass,,0.0,0.0,1,
sets/strict-subset-marker,pass,x,pass,,3.822,0.743,132,
sets/subset,pass,x,pass,,0.001,0.0,1,
sets/subsetEq1,pass,x,pass,,0.0,0.0,1,
sets/subsetEq2,pass,x,pass,,1.295,0.267,132,
sets/subseteq-marker-marker,pass,x,pass,,3.495,0.817,132,
sets/supset,pass,x,pass,,0.0,0.0,1,
sets/supsetEq,pass,x,pass,,0.001,0.0,1,
sets/union-comprehension,pass,x,pass,,32.502,9.863,140,
sets/union1,pass,x,pass,,0.001,0.0,1,
sets/union2,pass,x,pass,,0.076,0.019,65,
smt/bool/and-eq,pass,x,pass,,0.001,0.0,1,
smt/bool/empty,pass,x,pass,,0.0,0.0,1,
smt/bool/implies,pass,x,pass,,0.001,0.0,1,
smt/bool/neq,pass,x,pass,,0.001,0.0,1,
smt/bool/not-and,pass,x,pass,,0.001,0.0,1,
smt/bool/simple-and,pass,x,pass,,0.0,0.0,1,
smt/bool/simple-or,pass,x,pass,,0.0,0.0,1,
smt/int/floor-div,pass,x,pass,,0.11,0.03,65,
smt/int/int-domain,pass,x,pass,,0.022,0.007,25,
smt/int/min-and-max,pass,x,pass,,0.178,0.027,65,
smt/int/simple-div,pass,x,pass,,0.142,0.037,65,
smt/int/simple-negative-add,pass,x,pass,,0.086,0.025,65,
smt/int/simple-sub,pass,x,pass,,0.151,0.302,65,
smt/int/simple-sum,pass,x,pass,,0.1,0.165,65,
smt/int/simple_negative_mult,pass,x,pass,,0.225,0.127,65,
smt/int/to-int,pass,x,pass,,0.003,0.001,5,
smt/matrix/1d-alldiff,pass,x,pass,,0.282,0.068,110,
smt/matrix/2d-eq,pass,x,pass,,0.2,0.054,65,
smt/matrix/2d-indexing,pass,x,pass,,0.161,0.017,65,
smt/matrix/2d-slicing-alldiff,pass,x,pass,,0.598,0.091,110,
smt/matrix/bibd,pass,x,pass,,2.298,0.106,65,
smt/matrix/bool-indexing-of-bool,pass,x,pass,,0.0,0.0,1,
smt/matrix/bool-indexing-of-int,pass,x,pass,,0.024,0.007,25,
smt/matrix/bool-indexing-simple,pass,x,pass,,0.001,0.0,1,
smt/matrix/flatten-no-depth,pass,x,pass,,0.769,0.318,110,
smt/matrix/holey-domain,pass,x,pass,,0.001,0.0,1,
smt/matrix/indexing-addition,pass,x,pass,,0.114,0.038,65,
smt/matrix/int-indexing-of-bool,pass,x,pass,,0.001,0.0,1,
smt/matrix/int-indexing-of-int,pass,x,pass,,0.022,0.006,25,
smt/matrix/lex-eq,pass,x,pass,,0.385,0.033,65,
smt/matrix/lex-geq,pass,x,pass,,0.269,0.024,65,
smt/matrix/lex-gt,pass,x,pass,,0.21,0.037,65,
smt/matrix/lex-leq,pass,x,pass,,0.324,0.03,65,
smt/matrix/lex-lt,pass,x,pass,,0.208,0.034,65,
smt/matrix/magic-square-flatten,pass,c,pass,,0.021,0.038,1,
smt/matrix/nqueens-4,pass,x,pass,,0.397,0.214,110,
smt/matrix/overlapping-eq,pass,x,pass,,0.248,0.009,61,
smt/matrix/overlapping-neq,pass,x,pass,,0.147,0.026,65,
smt/matrix/overlapping-neq-wrapped,pass,x,pass,,0.136,0.032,61,
smt/matrix/scalar-neq,pass,x,pass,,0.001,0.0,1,
smt/matrix/undefined-index,pass,x,pass,,0.036,0.008,25,
smt/matrix/undefined-index-var,pass,x,pass,,0.238,0.045,130,
smt/set/eq,pass,x,pass,,2.259,0.361,132,
smt/set/eq_overlap,pass,x,pass,,3.861,0.536,132,
smt/set/subset-sum,pass,x,pass,,8.739,2.601,140,
