fixture,initial_screen,uniform_portfolio,reason
abc,candidate,enabled,passed
antichain,error,not attempted,residual constraints
basic/abs/0-simple,candidate,enabled,passed
basic/abs/01-simple,candidate,enabled,passed
basic/abs/02-neg,candidate,enabled,passed
basic/abs/03-nested,candidate,not enabled,other panic
basic/abs/04-bounds,candidate,enabled,passed
basic/alldiff/01-basic,error,not attempted,residual constraints
basic/alldiff/02-trivially-false,error,not attempted,residual constraints
basic/alldiff/03-trivially-true,error,not attempted,residual constraints
basic/bool/04,candidate,enabled,passed
basic/comprehension/01,candidate,enabled,passed
basic/comprehension/02,candidate,enabled,passed
basic/comprehension/03,candidate,enabled,passed
basic/comprehension/04-sum,candidate,enabled,passed
basic/comprehension/06,candidate,enabled,passed
basic/comprehension/07,candidate,enabled,passed
basic/comprehension/08,candidate,enabled,passed
basic/comprehension/09,candidate,enabled,passed
basic/comprehension/10,candidate,enabled,passed
basic/comprehension/dependent-domains,candidate,not enabled,timeout
basic/comprehension/forall-exists-implication,candidate,enabled,passed
basic/comprehension/nested-forall-implication,candidate,enabled,passed
basic/comprehension/set-bounded-image,candidate,enabled,passed
basic/comprehension/set-bounded-image-member,error,not attempted,residual constraints
basic/comprehension/set-bounded-size-member,error,not attempted,residual constraints
basic/comprehension/set-bounded-size-sum,candidate,enabled,passed
basic/comprehension/set-fixed-size-member,error,not attempted,residual constraints
basic/comprehension/set-fixed-size-sum,candidate,enabled,passed
basic/comprehension/set-tuple-member,error,not attempted,residual constraints
basic/comprehension/set-tuple-sum,candidate,enabled,passed
basic/div/01,candidate,enabled,passed after divisor-bound fix
basic/div/02,candidate,enabled,passed
basic/div/03,candidate,enabled,passed after divisor-bound fix
basic/div/04,candidate,enabled,passed after divisor-bound fix
basic/div/05,candidate,enabled,passed after divisor-bound fix
basic/exists/simple/01,candidate,enabled,passed
basic/exists/simple/02,candidate,enabled,passed
basic/exists/simple/03,candidate,enabled,passed
basic/exists/simple/04,error,not attempted,residual constraints
basic/expr-in-domain/quantified,candidate,enabled,passed
basic/expr-in-domain/variable,candidate,enabled,passed
basic/factorial/01,candidate,enabled,passed
basic/factorial/02,candidate,enabled,passed
basic/finite-givens/set01,candidate,enabled,passed
basic/finite-givens/set02,candidate,enabled,passed
basic/finite-givens/set03,error,not attempted,residual constraints
basic/finite-givens/set04,candidate,enabled,passed
basic/finite-givens/set05,error,not attempted,residual constraints
basic/function/apply-in-domain,error,not attempted,residual constraints
basic/function/apply-out-of-domain,error,not attempted,residual constraints
basic/function/apply-partial,candidate,not enabled,residual constraints
basic/function/apply-partial-out-of-domain,candidate,not enabled,residual constraints
basic/function/sparse-partial,error,not attempted,residual constraints
basic/implies/02-flattening,candidate,enabled,passed
basic/implies/05-no-parentheses,candidate,enabled,passed
basic/lettings/01-value-bool,candidate,enabled,passed
basic/lettings/02-value-int,candidate,enabled,passed
basic/lettings/03-value-expr,candidate,enabled,passed
basic/lettings/04-domain,error,not attempted,other panic
basic/lettings/05-letting-in-domain,candidate,enabled,passed
basic/lex/const-long-lt-short,candidate,enabled,passed
basic/lex/long-leq-short,error,not attempted,residual constraints
basic/lex/long-lt-short,error,not attempted,residual constraints
basic/lex/short-leq-long,error,not attempted,residual constraints
basic/lex/short-lt-long,error,not attempted,residual constraints
basic/matrix/02-2d-slicing,error,not attempted,residual constraints
basic/matrix/03-domain-letting,error,not attempted,residual constraints
basic/matrix/04-value-letting,candidate,enabled,passed
basic/matrix/05-value-letting-index,candidate,enabled,passed
basic/matrix/06-invalid-index,candidate,enabled,passed
basic/matrix/07-invalid-slice,candidate,enabled,passed
basic/matrix/08-index-is-expr,error,not attempted,residual constraints
basic/matrix/09-index-is-expr-offset,error,not attempted,residual constraints
basic/matrix/10-value-letting-index-is-expr,error,not attempted,residual constraints
basic/matrix/11-index-matrix-literal,error,not attempted,residual constraints
basic/matrix/12-alldiff-matrix-literal-needs-flattening,error,not attempted,residual constraints
basic/matrix/13-index-matrix-literal-2d,error,not attempted,residual constraints
basic/matrix/14-matrix-index-matrix,error,not attempted,residual constraints
basic/matrix/15-matrix-index-matrix-with-offset,error,not attempted,residual constraints
basic/matrix/16-matrix-out-bounds,error,not attempted,residual constraints
basic/matrix/17-matrix-out-bounds-reify,error,not attempted,residual constraints
basic/matrix/18-matrix-out-bounds-possibly-undef,error,not attempted,residual constraints
basic/max/01,candidate,enabled,passed
basic/max/01_1_const,candidate,enabled,passed
basic/max/02,candidate,enabled,passed
basic/max/03,candidate,enabled,passed
basic/max/04,candidate,enabled,passed
basic/max/05,candidate,enabled,passed
basic/min/01,candidate,enabled,passed
basic/min/02,candidate,enabled,passed
basic/min/03,candidate,enabled,passed
basic/min/04,candidate,enabled,passed
basic/min/05,candidate,enabled,passed
basic/misc/xyz,candidate,enabled,passed
basic/mod/01,error,not attempted,residual constraints
basic/mod/02,candidate,enabled,passed
basic/mod/03,error,not attempted,residual constraints
basic/mod/04,error,not attempted,residual constraints
basic/mod/05,error,not attempted,residual constraints
basic/mod/06,error,not attempted,residual constraints
basic/neg/01-negeq,candidate,enabled,passed
basic/neg/02-nested-neg,candidate,enabled,passed
basic/neg/03-negated-expression,candidate,enabled,passed
basic/neg/04-negated-expression-nested,candidate,enabled,passed
basic/neg/05-sum,candidate,enabled,passed
basic/neg/06-sum-nested,candidate,enabled,passed
basic/neg/unary-negation,candidate,enabled,passed
basic/negativeTable/01,error,not attempted,residual constraints
basic/optimisation-intermediate-solutions,candidate,enabled,passed
basic/pow/01-simple,error,not attempted,residual constraints
basic/pow/02-exponent-zero,error,not attempted,residual constraints
basic/pow/03-negative-exponent,error,not attempted,residual constraints
basic/pow/04-flatten,error,not attempted,residual constraints
basic/pow/05-negative-base,error,not attempted,residual constraints
basic/product/01-simple,candidate,enabled,passed
basic/sequence/apply-in-range,candidate,enabled,passed
basic/sequence/apply-out-of-range,error,not attempted,residual constraints
basic/sum/01-deeply-nested,candidate,enabled,passed
basic/sum/02-sum-put-in-aux-var,candidate,enabled,passed
basic/table/01,error,not attempted,residual constraints
basic/table/02,error,not attempted,residual constraints
basic/table/03,error,not attempted,residual constraints
basic/toInt/01,error,not attempted,residual constraints
basic/toInt/02-flatten,error,not attempted,residual constraints
basic/tuples/01-bool-int,candidate,not enabled,residual constraints
basic/tuples/02-literal-indexing,candidate,enabled,passed
basic/tuples/03-equality,candidate,not enabled,residual constraints
basic/tuples/04-inequality,candidate,not enabled,residual constraints
basic/tuples/05-equal-to-constant,candidate,enabled,passed
basic/tuples/07-letting-statement-domain,candidate,enabled,passed
basic/var-in-domain/01,candidate,enabled,passed
basic/var-in-domain/02,candidate,enabled,passed
basic/weighted-sum/01-simple-lt,candidate,enabled,passed
basic/weighted-sum/02-simple-gt,candidate,enabled,passed
basic/weighted-sum/03-simple-eq,candidate,enabled,passed
basic/weighted-sum/04-needs-normalising,candidate,not enabled,solution mismatch
basic/weighted-sum/05-flattening,candidate,enabled,passed
bugs/domain-lettings-in-comprehensions-leak-vars-into-scope,candidate,enabled,passed
bugs/experiment/freezes,candidate,enabled,passed
bugs/experiment/works/max2,candidate,enabled,passed
bugs/experiment/works/min,candidate,enabled,passed
bugs/infinite-bubble-up,candidate,enabled,passed
bugs/issue-336-empty-or-should-be-false,candidate,enabled,passed
bugs/parse-indices-in-wrong-order,candidate,enabled,passed
bugs/sm600-non-terminating-min,candidate,enabled,passed
bugs/treemorph-misses-node-01,error,not attempted,residual constraints
bugs/yb33-min-of-constants-parses-as-nothing,candidate,enabled,passed
cnf/integer/10-div,candidate,enabled,passed
cnf/neg-div,candidate,not enabled,solution mismatch
conjure/all_diff/all_diff_except_comprehension_smoke,error,not attempted,residual constraints
conjure/function/function_complex_01,error,not attempted,residual constraints
conjure/function/function_partial_int_set_01,error,not attempted,residual constraints
conjure/function/function_partial_smoke,timeout,not attempted,timeout
conjure/function/function_record_injective_attr,error,not attempted,residual constraints
conjure/function/function_total_bool_01,candidate,not enabled,residual constraints
conjure/function/function_total_bool_02,candidate,not enabled,residual constraints
conjure/function/function_total_bool_03,error,not attempted,residual constraints
conjure/function/function_total_bool_04,error,not attempted,residual constraints
conjure/function/function_total_bool_05,error,not attempted,residual constraints
conjure/function/function_total_bool_06,error,not attempted,residual constraints
conjure/function/function_total_bool_smoke,candidate,not enabled,residual constraints
conjure/function/function_total_int_01,candidate,not enabled,residual constraints
conjure/function/function_total_int_02,candidate,not enabled,residual constraints
conjure/function/function_total_int_03,error,not attempted,residual constraints
conjure/function/function_total_int_04,error,not attempted,residual constraints
conjure/function/function_total_int_05,error,not attempted,residual constraints
conjure/function/function_total_int_06,error,not attempted,residual constraints
conjure/function/function_total_int_set_01,error,not attempted,residual constraints
conjure/function/function_total_record_01_find,candidate,not enabled,residual constraints
conjure/function/function_total_tuple_01_find,candidate,not enabled,residual constraints
conjure/function/function_tuple_injective_attr,error,not attempted,residual constraints
conjure/matrix/matrix01_bools,candidate,enabled,passed
conjure/matrix/matrix_atmost_atleast,error,not attempted,residual constraints
conjure/matrix/matrix_literal_comprehension,candidate,enabled,passed
conjure/matrix/matrix_of_set_01,candidate,not enabled,residual constraints
conjure/min_max/min_max_zero_and_guard_smoke,candidate,enabled,passed
conjure/mset/mset01_find,candidate,not enabled,residual constraints
conjure/mset/mset01_param_p1,candidate,not enabled,residual constraints
conjure/mset/mset01_param_p4,candidate,not enabled,residual constraints
conjure/mset/mset01_param_p7,candidate,not enabled,residual constraints
conjure/mset/mset02,error,not attempted,residual constraints
conjure/mset/mset03_1,candidate,not enabled,residual constraints
conjure/mset/mset03_2,candidate,not enabled,residual constraints
conjure/mset/mset04,error,not attempted,residual constraints
conjure/mset/mset05,error,not attempted,residual constraints
conjure/mset/mset06_1,error,not attempted,residual constraints
conjure/mset/mset06_2,error,not attempted,residual constraints
conjure/mset/mset07,error,not attempted,residual constraints
conjure/partition/partition_01,error,not attempted,residual constraints
conjure/partition/partition_02,error,not attempted,residual constraints
conjure/partition/partition_03,error,not attempted,residual constraints
conjure/permutation/perm_card_0001,candidate,enabled,passed
conjure/permutation/perm_card_0002,candidate,enabled,passed
conjure/permutation/perm_card_0003,timeout,not attempted,timeout
conjure/permutation/perm_eq_0005,timeout,not attempted,timeout
conjure/permutation/perm_image_0001_p1,candidate,enabled,passed
conjure/permutation/perm_image_0001_p2,candidate,enabled,passed
conjure/permutation/perm_image_0002,candidate,enabled,passed
conjure/permutation/perm_image_0003,candidate,enabled,passed
conjure/permutation/perm_image_0006,candidate,enabled,passed
conjure/permutation/perm_inverse_0005,timeout,not attempted,timeout
conjure/permutation/perm_repr_0006,timeout,not attempted,timeout
conjure/permutation/perm_repr_0008,timeout,not attempted,timeout
conjure/permutation/perm_repr_0010,error,not attempted,residual constraints
conjure/permutation/perm_repr_0011,error,not attempted,residual constraints
conjure/permutation/perm_repr_0012,timeout,not attempted,timeout
conjure/permutation/permutation_as_function_smoke,error,not attempted,residual constraints
conjure/primitive/int_is_fixed,candidate,enabled,passed
conjure/primitive/int_is_free,candidate,enabled,passed
conjure/primitive/int_is_param_2,candidate,enabled,passed
conjure/primitive/int_is_param_3,candidate,enabled,passed
conjure/primitive/int_param_domain_01,candidate,enabled,passed
conjure/primitive/int_param_domain_02,candidate,enabled,passed
conjure/primitive/int_param_domain_03,candidate,enabled,passed
conjure/primitive/int_param_domain_04,error,not attempted,residual constraints
conjure/record/record00,candidate,not enabled,residual constraints
conjure/record/record01,error,not attempted,residual constraints
conjure/relation/binrel01,error,not attempted,residual constraints
conjure/relation/binrel02,timeout,not attempted,timeout
conjure/relation/binrel03,timeout,not attempted,timeout
conjure/relation/binrel04,error,not attempted,residual constraints
conjure/relation/finiteGivens_relation01,candidate,enabled,passed
conjure/relation/reflexive_rel,error,not attempted,residual constraints
conjure/relation/relation01,error,not attempted,residual constraints
conjure/relation/relation02,error,not attempted,residual constraints
conjure/relation/relation03_2,error,not attempted,residual constraints
conjure/relation/relation04_find,timeout,not attempted,timeout
conjure/relation/relation04_param,timeout,not attempted,timeout
conjure/relation/relation05_set_fixed_direct,error,not attempted,residual constraints
conjure/relation/relation05_set_fixed_setty,error,not attempted,residual constraints
conjure/relation/relation06_set_bounded_direct,error,not attempted,residual constraints
conjure/relation/relation06_set_bounded_setty,error,not attempted,residual constraints
conjure/relation/relation07_connex,timeout,not attempted,timeout
conjure/sequence/sequence01,candidate,enabled,passed
conjure/sequence/sequence02,candidate,enabled,passed
conjure/sequence/sequence03,candidate,enabled,passed
conjure/sequence/sequence04,candidate,not enabled,residual constraints
conjure/sequence/sequence05,candidate,not enabled,residual constraints
conjure/sequence/sequence_bijective,error,not attempted,residual constraints
conjure/sequence/sequence_empty_02,candidate,enabled,passed
conjure/sequence/sequence_empty_03,candidate,enabled,passed
conjure/sequence/sequence_empty_04,candidate,enabled,passed
conjure/sequence/sequence_injective_fixed,error,not attempted,residual constraints
conjure/sequence/sequence_injective_variable,candidate,not enabled,residual constraints
conjure/sequence/sequence_subseq_dups,candidate,not enabled,residual constraints
conjure/sequence/sequence_subseq_nodups,candidate,not enabled,residual constraints
conjure/sequence/sequence_substr,candidate,not enabled,residual constraints
conjure/sequence/sequence_surjective,error,not attempted,residual constraints
conjure/set/cut_01_off,error,not attempted,residual constraints
conjure/set/finiteGivens_set01,candidate,enabled,passed
conjure/set/finiteGivens_set02,candidate,enabled,passed
conjure/set/finiteGivens_set03,error,not attempted,residual constraints
conjure/set/finiteGivens_set04_p1,candidate,enabled,passed
conjure/set/finiteGivens_set04_p2,candidate,enabled,passed
conjure/set/finiteGivens_set05_p1,error,not attempted,residual constraints
conjure/set/finiteGivens_set05_p2,error,not attempted,residual constraints
conjure/set/finiteGivens_set_of_record,candidate,enabled,passed
conjure/set/finiteGivens_set_of_tuple,candidate,enabled,passed
conjure/set/set01_1,error,not attempted,residual constraints
conjure/set/set01_2,error,not attempted,residual constraints
conjure/set/set01_3,error,not attempted,residual constraints
conjure/set/set02,error,not attempted,residual constraints
conjure/set/set03,error,not attempted,residual constraints
conjure/set/set04,error,not attempted,residual constraints
conjure/set/set05,error,not attempted,residual constraints
conjure/set/set06,error,not attempted,residual constraints
conjure/set/set07,error,not attempted,residual constraints
conjure/set/set08,error,not attempted,residual constraints
conjure/set/set09,error,not attempted,residual constraints
conjure/set/setOfSet01,error,not attempted,residual constraints
conjure/set/setOfSet02,error,not attempted,residual constraints
conjure/set/setOfSet03,error,not attempted,residual constraints
conjure/set/setOfSet04,error,not attempted,residual constraints
conjure/set/set_card_00,error,not attempted,residual constraints
conjure/set/set_card_01,candidate,not enabled,residual constraints
conjure/set/set_card_02,error,not attempted,residual constraints
conjure/set/set_subseteq_constant_smoke,error,not attempted,residual constraints
conjure/tuple/matrix_of_tuple_eq,candidate,enabled,passed
conjure/tuple/tuple01_bool_int,error,not attempted,residual constraints
conjure/tuple/tuple02_nested,error,not attempted,residual constraints
conjure/tuple/tuple03_literal,candidate,enabled,passed
conjure/tuple/tuple_packed_nested_tuple_smoke,candidate,not enabled,residual constraints
conjure/variant/finiteGivens_set_of_variant_p1,candidate,enabled,passed
conjure/variant/finiteGivens_set_of_variant_p2,candidate,enabled,passed
conjure/variant/finiteGivens_set_of_variant_p3,candidate,enabled,passed
conjure/variant/finiteGivens_set_of_variant_p4,candidate,enabled,passed
conjure/variant/variant00,candidate,enabled,passed
conjure/variant/variant01,error,not attempted,residual constraints
conjure/variant/variant02,candidate,enabled,passed
dominance/int_pareto_01,candidate,enabled,passed
dominance/int_pareto_direction_01,candidate,enabled,passed
dominance/int_pareto_list_01,candidate,enabled,passed
dominance/rfc_example,error,not attempted,residual constraints
dominance/rfc_example_future,error,not attempted,residual constraints
dominance/subset_pareto_01_future,error,not attempted,residual constraints
eprime-minion/nqueens-4,error,not attempted,residual constraints
eprime-minion/partial-eval-01-add,candidate,enabled,passed
eprime-minion/partial-eval-03,error,not attempted,residual constraints
eprime-minion/xyz,candidate,enabled,passed
hakank-eprime/quasigroup-completion/01,error,not attempted,residual constraints
hakank-eprime/quasigroup-completion/02,error,not attempted,residual constraints
hakank-eprime/schur-small,candidate,enabled,passed
hakank-eprime/xkcd,candidate,not enabled,timeout
mildly-interesting/gchq-2016,timeout,not attempted,timeout
mildly-interesting/subset-sum,error,not attempted,residual constraints
minion-constraints/diseq,candidate,enabled,passed
minion-constraints/div-undefzero-01-simple,candidate,enabled,passed
minion-constraints/div-undefzero-02-zero,candidate,enabled,passed after divisor-bound fix
minion-constraints/div-undefzero-03-nested,candidate,enabled,passed after divisor-bound fix
minion-constraints/div-undefzero-04-nested-neq,candidate,enabled,passed after divisor-bound fix
minion-constraints/div-undefzero-05-nested-noteq,candidate,enabled,passed after divisor-bound fix
minion-constraints/eq,candidate,enabled,passed
minion-constraints/ineq-01-strict-less-than,candidate,enabled,passed
minion-constraints/ineq-02-leq,candidate,enabled,passed
minion-constraints/ineq-03-leq-plus-k,candidate,enabled,passed
minion-constraints/ineq-04-strict-greater-than,candidate,enabled,passed
minion-constraints/ineq-05-geq-plus-k-wrong-order,candidate,enabled,passed
minion-constraints/ineq-06-leq-plus-k-wrong-order,candidate,enabled,passed
minion-constraints/modulo-undefzero-01-simple,error,not attempted,residual constraints
minion-constraints/modulo-undefzero-02-zero,error,not attempted,residual constraints
minion-constraints/modulo-undefzero-03-nested,error,not attempted,residual constraints
minion-constraints/modulo-undefzero-04-nested-neq,error,not attempted,residual constraints
minion-constraints/modulo-undefzero-05-nested-noteq,error,not attempted,residual constraints
minion-constraints/sumgeq,candidate,enabled,passed
minion-constraints/sumleq,candidate,enabled,passed
optimisations/implies-tautologies-cse,error,not attempted,residual constraints
pythagorean-triples,candidate,enabled,passed
savilerow/absBug,candidate,not enabled,timeout
savilerow/add,candidate,enabled,passed
savilerow/alldiff_except,error,not attempted,residual constraints
savilerow/alldiff_except_nest,error,not attempted,residual constraints
savilerow/atleast-test,error,not attempted,residual constraints
savilerow/atmost-test,error,not attempted,residual constraints
savilerow/bibd,error,not attempted,residual constraints
savilerow/bibd-implied,error,not attempted,residual constraints
savilerow/blackhole,timeout,not attempted,timeout
savilerow/bugVariableArray1,error,not attempted,residual constraints
savilerow/carSequencing,timeout,not attempted,timeout
savilerow/catchundef-saad1,error,not attempted,residual constraints
savilerow/const_matrix_test,error,not attempted,other panic
savilerow/cryptArithmetic,timeout,not attempted,timeout
savilerow/diet,timeout,not attempted,timeout
savilerow/discreteTomography,error,not attempted,residual constraints
savilerow/divide-mod,candidate,enabled,passed
savilerow/efpa,timeout,not attempted,timeout
savilerow/farm_puzzle,candidate,enabled,passed
savilerow/futoshiki,error,not attempted,residual constraints
savilerow/gcctest,error,not attempted,residual constraints
savilerow/golomb,timeout,not attempted,timeout
savilerow/golomb2,timeout,not attempted,timeout
savilerow/graphColouring,error,not attempted,residual constraints
savilerow/killer,error,not attempted,residual constraints
savilerow/killer16,timeout,not attempted,timeout
savilerow/knapsack,error,not attempted,residual constraints
savilerow/knights,error,not attempted,residual constraints
savilerow/langford,error,not attempted,residual constraints
savilerow/langfordN,error,not attempted,residual constraints
savilerow/lee-distance,timeout,not attempted,timeout
savilerow/magicSequence,timeout,not attempted,timeout
savilerow/magicSquare,error,not attempted,residual constraints
savilerow/matrix-outbounds,candidate,enabled,passed
savilerow/matrix-test,error,not attempted,residual constraints
savilerow/matrix_lit_explicit_index_1,candidate,enabled,passed
savilerow/matrix_lit_explicit_index_2,candidate,enabled,passed
savilerow/matrix_lit_explicit_index_3,candidate,enabled,passed
savilerow/matrix_lit_explicit_index_4,candidate,enabled,passed
savilerow/matrix_lit_explicit_index_5,candidate,enabled,passed
savilerow/matrix_lit_explicit_index_6,candidate,enabled,passed
savilerow/matrix_lit_explicit_index_7,candidate,enabled,passed
savilerow/minusSum,candidate,enabled,passed
savilerow/molnars,error,not attempted,residual constraints
savilerow/multiDimensionArray,timeout,not attempted,timeout
savilerow/n_queens1,error,not attempted,residual constraints
savilerow/n_queens2,error,not attempted,residual constraints
savilerow/n_queens_new,error,not attempted,residual constraints
savilerow/nqueens-8,error,not attempted,residual constraints
savilerow/nurse,error,not attempted,residual constraints
savilerow/opd,error,not attempted,residual constraints
savilerow/opt-matrixderef,error,not attempted,residual constraints
savilerow/peaceableArmyOfQueens-old1,error,not attempted,residual constraints
savilerow/peaceableArmyOfQueens-old3,error,not attempted,residual constraints
savilerow/peaceableArmyOfQueens1,error,not attempted,residual constraints
savilerow/peaceableArmyOfQueens2,error,not attempted,residual constraints
savilerow/peaceableArmyOfQueens2-failing,error,not attempted,residual constraints
savilerow/peacefulArmyQueens3,error,not attempted,residual constraints
savilerow/pegSolitaireTable,timeout,not attempted,timeout
savilerow/permMultElementId,error,not attempted,residual constraints
savilerow/plotting,timeout,not attempted,timeout
savilerow/problem1,candidate,enabled,passed
savilerow/problem102,candidate,enabled,passed
savilerow/problem110,error,not attempted,residual constraints
savilerow/problem31,candidate,enabled,passed
savilerow/problem51,error,not attempted,residual constraints
savilerow/problem52,candidate,enabled,passed
savilerow/quantification_over_matrix_doms_1,candidate,enabled,passed
savilerow/quantification_over_matrix_doms_2,candidate,enabled,passed
savilerow/quantification_over_matrix_doms_3,candidate,enabled,passed
savilerow/quantification_over_matrix_doms_4,error,not attempted,residual constraints
savilerow/quantification_over_matrix_doms_5,candidate,enabled,passed
savilerow/quasiGroup3Idempotent,timeout,not attempted,timeout
savilerow/quasiGroup3NonIdempotent,timeout,not attempted,timeout
savilerow/quasiGroup4Idempotent,timeout,not attempted,timeout
savilerow/quasiGroup4NonIdempotent,timeout,not attempted,timeout
savilerow/quasiGroup5Idempotent,timeout,not attempted,timeout
savilerow/quasiGroup5NonIdempotent,error,not attempted,residual constraints
savilerow/quasiGroup6,timeout,not attempted,timeout
savilerow/quasiGroup7,timeout,not attempted,timeout
savilerow/revForallRange2,candidate,enabled,passed
savilerow/semigroup,timeout,not attempted,timeout
savilerow/sendMoreMoney,error,not attempted,residual constraints
savilerow/simpleElementId,error,not attempted,residual constraints
savilerow/solitaire_battleship,timeout,not attempted,timeout
savilerow/sonet2,error,not attempted,residual constraints
savilerow/sonet_problem,error,not attempted,residual constraints
savilerow/sportsScheduling,error,not attempted,residual constraints
savilerow/sportsScheduling2,error,not attempted,residual constraints
savilerow/sportsScheduling3,error,not attempted,residual constraints
savilerow/sudoku-comprehension,error,not attempted,residual constraints
savilerow/sudoku3,error,not attempted,residual constraints
savilerow/test-branchingon2,timeout,not attempted,timeout
savilerow/test-holey-matrix,error,not attempted,residual constraints
savilerow/test-indexing-flatten,timeout,not attempted,timeout
savilerow/test-min-max-undef,candidate,enabled,passed
savilerow/test-power,error,not attempted,residual constraints
savilerow/testMatrixBounds1,candidate,enabled,passed
savilerow/testMatrixBounds2,candidate,enabled,passed
savilerow/test_comprehension_functions,error,not attempted,residual constraints
savilerow/test_element_simplify,error,not attempted,residual constraints
savilerow/test_negative_table,error,not attempted,residual constraints
savilerow/test_negative_table2,error,not attempted,residual constraints
savilerow/test_power_raw,error,not attempted,residual constraints
savilerow/tictactoe,error,not attempted,residual constraints
savilerow/tomsProblem,candidate,enabled,passed
savilerow/valsymElementId,error,not attempted,residual constraints
savilerow/varsymElementId,error,not attempted,residual constraints
savilerow/waterBucket,candidate,enabled,passed
sets/MinMax,error,not attempted,residual constraints
sets/constant-eval-set-tests/In,candidate,enabled,passed
sets/constant-eval-set-tests/Intersect,error,not attempted,residual constraints
sets/constant-eval-set-tests/Union,error,not attempted,residual constraints
sets/difference,error,not attempted,residual constraints
sets/equals2,error,not attempted,residual constraints
sets/explicit-large-inner-domain,error,not attempted,residual constraints
sets/in,error,not attempted,residual constraints
sets/intersect2,candidate,not enabled,residual constraints
sets/neq-marker,error,not attempted,residual constraints
sets/occurrence-large-inner-domain,error,not attempted,residual constraints
sets/occurrence-set-of-set-membership,error,not attempted,residual constraints
sets/strict-subset-marker,error,not attempted,residual constraints
sets/subsetEq2,error,not attempted,residual constraints
sets/subseteq-marker-marker,error,not attempted,residual constraints
sets/union-comprehension,error,not attempted,residual constraints
sets/union2,error,not attempted,residual constraints
smt/int/floor-div,candidate,enabled,passed
smt/int/int-domain,candidate,enabled,passed
smt/int/min-and-max,candidate,enabled,passed
smt/int/simple-div,candidate,enabled,passed after divisor-bound fix
smt/int/simple-negative-add,candidate,enabled,passed
smt/int/simple-sub,candidate,enabled,passed
smt/int/simple-sum,candidate,enabled,passed
smt/int/simple_negative_mult,candidate,not enabled,solution mismatch
smt/int/to-int,error,not attempted,residual constraints
smt/matrix/1d-alldiff,error,not attempted,residual constraints
smt/matrix/2d-eq,error,not attempted,error exit
smt/matrix/2d-indexing,candidate,enabled,passed
smt/matrix/2d-slicing-alldiff,error,not attempted,residual constraints
smt/matrix/bibd,error,not attempted,residual constraints
smt/matrix/bool-indexing-of-int,candidate,enabled,passed
smt/matrix/flatten-no-depth,error,not attempted,residual constraints
smt/matrix/holey-domain,candidate,enabled,passed
smt/matrix/indexing-addition,candidate,enabled,passed
smt/matrix/int-indexing-of-int,candidate,enabled,passed
smt/matrix/lex-eq,error,not attempted,residual constraints
smt/matrix/lex-geq,error,not attempted,residual constraints
smt/matrix/lex-gt,error,not attempted,residual constraints
smt/matrix/lex-leq,error,not attempted,residual constraints
smt/matrix/lex-lt,error,not attempted,residual constraints
smt/matrix/magic-square-flatten,error,not attempted,residual constraints
smt/matrix/nqueens-4,error,not attempted,residual constraints
smt/matrix/overlapping-eq,error,not attempted,error exit
smt/matrix/overlapping-neq,error,not attempted,error exit
smt/matrix/overlapping-neq-wrapped,error,not attempted,error exit
smt/matrix/scalar-neq,error,not attempted,error exit
smt/matrix/undefined-index,candidate,enabled,passed
smt/matrix/undefined-index-var,error,not attempted,residual constraints
smt/set/eq,error,not attempted,residual constraints
smt/set/eq_overlap,error,not attempted,residual constraints
smt/set/subset-sum,error,not attempted,residual constraints
